1,-17.366027,19.183703,1,0
1,-18.649922,20.102558,1,0
1,-19.818901,21.16377,1,0
1,-16.771318,15.661845,1,0
1,-17.245315,17.392946,1,0
1,-17.366027,19.183703,1,0
1,-23.724718,13.692918,1,0
1,-20.319099,14.925554,1,0
1,-16.771318,15.661845,1,0
1,-25.29814,16.242986,1,0
1,-24.489849,14.981267,1,0
1,-23.724718,13.692918,1,0
1,-19.818901,21.16377,1,0
1,-22.043565,20.231802,1,0
1,-24.438643,19.952995,1,0
1,-24.438643,19.952995,1,0
1,-24.688491,18.056313,1,0
1,-25.29814,16.242986,1,0
2,-4.7523952,14.667407,2,0
2,-4.6911418,14.684283,2,0
2,-4.6298325,14.700954,2,0
2,-4.6298325,14.700954,2,0
2,-3.9917565,17.468591,2,0
2,-2.8331489,20.061772,2,0
2,-9.0684582,17.981838,2,0
2,-6.7972873,16.471953,2,0
2,-4.7523952,14.667407,2,0
2,-8.3640911,22.780675,2,0
2,-8.5411212,20.355548,2,0
2,-9.0684582,17.981838,2,0
2,-2.8331489,20.061772,2,0
2,-4.0104681,22.191349,2,0
2,-4.709708,24.517911,2,0
2,-8.4187252,24.039368,2,0
2,-8.3760419,23.412339,2,0
2,-8.3640911,22.780675,2,0
2,-4.709708,24.517911,2,0
2,-6.5582902,24.232706,2,0
2,-8.4187252,24.039368,2,0
3,-18.399016,-4.1104211,3,0
3,-18.228891,-4.032712,3,0
3,-18.058293,-3.9560458,3,0
3,-17.11651,0.4346572,3,0
3,-18.44677,1.8748976,3,0
3,-19.611911,3.4517078,3,0
3,-18.058293,-3.9560458,3,0
3,-17.830579,-1.7085339,3,0
3,-17.11651,0.4346572,3,0
3,-19.611911,3.4517078,3,0
3,-19.832647,3.4853279,3,0
3,-20.053117,3.5206488,3,0
3,-24.630494,-2.4922202,3,0
3,-21.475762,-3.1435368,3,0
3,-18.399016,-4.1104211,3,0
3,-20.053117,3.5206488,3,0
3,-21.940765,1.9008613,3,0
3,-24.270006,1.0339176,3,0
3,-25.178043,-1.5852795,3,0
3,-24.897981,-2.034954,3,0
3,-24.630494,-2.4922202,3,0
3,-24.270006,1.0339176,3,0
3,-24.664101,-0.29645563,3,0
3,-25.178043,-1.5852795,3,0
4,5.0988186,8.9079327,4,0
4,5.0324127,8.8948095,4,0
4,4.9659958,8.8817419,4,0
4,2.7577674,1.1765244,4,0
4,5.0777194,1.7771283,4,0
4,7.4612711,2.0252879,4,0
4,5.966306,8.4550889,4,0
4,5.5321142,8.6806524,4,0
4,5.0988186,8.9079327,4,0
4,7.4612711,2.0252879,4,0
4,7.7504676,3.4776082,4,0
4,8.1536366,4.9025025,4,0
4,8.1536366,4.9025025,4,0
4,6.9463033,6.6088102,4,0
4,5.966306,8.4550889,4,0
4,4.9659958,8.8817419,4,0
4,3.3349421,7.2544989,4,0
4,1.5873865,5.7530643,4,0
4,1.4653766,2.6064689,4,0
4,2.130986,1.9090432,4,0
4,2.7577674,1.1765244,4,0
4,1.5873865,5.7530643,4,0
4,1.6671041,5.1155953,4,0
4,1.6937377,4.4737135,4,0
4,1.6937377,4.4737135,4,0
4,1.6364356,3.5331351,4,0
4,1.4653766,2.6064689,4,0
5,4.9536373,-12.839262,5,0
5,4.2045321,-11.556851,5,0
5,3.5712857,-10.213446,5,0
5,4.0134765,-15.254525,5,0
5,4.4352378,-14.028085,5,0
5,4.9536373,-12.839262,5,0
5,-1.2749316,-10.708444,5,0
5,-1.3447464,-12.139161,5,0
5,-1.5535274,-13.556284,5,0
5,0.8397696,-16.041643,5,0
5,2.4097593,-15.580089,5,0
5,4.0134765,-15.254525,5,0
5,-1.5535274,-13.556284,5,0
5,-0.23120568,-14.677945,5,0
5,0.8397696,-16.041643,5,0
5,3.5712857,-10.213446,5,0
5,1.7764794,-9.8877792,5,0
5,-0.00083559084,-9.4772433,5,0
5,-1.2768848,-10.468861,5,0
5,-1.2754199,-10.588649,5,0
5,-1.2749316,-10.708444,5,0
5,-0.00083559084,-9.4772433,5,0
5,-0.61377423,-10.005334,5,0
5,-1.2768848,-10.468861,5,0
6,14.95754,17.414134,6,0
6,16.355059,15.367386,6,0
6,17.528862,13.18463,6,0
6,17.528862,13.18463,6,0
6,17.750229,13.141438,6,0
6,17.971232,13.096424,6,0
6,17.584139,19.79401,6,0
6,16.31476,18.555598,6,0
6,14.95754,17.414134,6,0
6,17.971232,13.096424,6,0
6,20.075775,14.749124,6,0
6,22.242342,16.319634,6,0
6,20.339726,19.280659,6,0
6,18.947021,19.457294,6,0
6,17.584139,19.79401,6,0
6,22.242342,16.319634,6,0
6,21.120047,17.690278,6,0
6,20.339726,19.280659,6,0
7,-6.7350218,4.5569685,7,0
7,-7.2881791,2.7289569,7,0
7,-7.9043879,0.92122451,7,0
7,-7.9043879,0.92122451,7,0
7,-7.7348621,0.67520218,7,0
7,-7.5671519,0.42793862,7,0
7,-7.5671519,0.42793862,7,0
7,-5.1326632,0.11346353,7,0
7,-2.8405786,-0.76515911,7,0
7,-2.7544349,6.3089811,7,0
7,-4.6982012,5.3272649,7,0
7,-6.7350218,4.5569685,7,0
7,-2.8405786,-0.76515911,7,0
7,-2.1378786,0.84791385,7,0
7,-1.2572417,2.3711572,7,0
7,-1.2572417,2.3711572,7,0
7,-2.2851615,4.2338682,7,0
7,-2.7544349,6.3089811,7,0
8,-4.3908209,-4.3422531,8,0
8,-6.0761729,-4.1693596,8,0
8,-7.7215945,-3.7657614,8,0
8,-3.1920816,-6.2639562,8,0
8,-3.8053693,-5.3117865,8,0
8,-4.3908209,-4.3422531,8,0
8,-5.938609,-10.43702,8,0
8,-4.9858197,-9.9110683,8,0
8,-4.0035979,-9.4423753,8,0
8,-4.0035979,-9.4423753,8,0
8,-3.8105883,-7.7988466,8,0
8,-3.1920816,-6.2639562,8,0
8,-7.7215945,-3.7657614,8,0
8,-8.5444817,-4.4310798,8,0
8,-9.3859354,-5.0727555,8,0
8,-9.4455422,-8.6316694,8,0
8,-7.5665527,-9.2905136,8,0
8,-5.938609,-10.43702,8,0
8,-9.3859354,-5.0727555,8,0
8,-9.3360696,-5.8209895,8,0
8,-9.3194367,-6.5706988,8,0
8,-9.3194367,-6.5706988,8,0
8,-9.3509925,-7.6031113,8,0
8,-9.4455422,-8.6316694,8,0
9,9.4563567,-12.243096,9,0
9,9.4585151,-12.245111,9,0
9,9.4606733,-12.247128,9,0
9,15.773743,-9.8660037,9,0
9,15.081726,-8.0924931,9,0
9,14.434167,-6.3022708,9,0
9,9.4606733,-12.247128,9,0
9,11.162215,-12.325545,9,0
9,12.863753,-12.404056,9,0
9,12.863753,-12.404056,9,0
9,14.161237,-10.954437,9,0
9,15.773743,-9.8660037,9,0
9,14.434167,-6.3022708,9,0
9,12.520437,-5.9838321,9,0
9,10.614285,-5.6227948,9,0
9,9.0024844,-8.3776143,9,0
9,9.311851,-10.300676,9,0
9,9.4563567,-12.243096,9,0
9,10.614285,-5.6227948,9,0
9,9.8549763,-7.0274647,9,0
9,9.0024844,-8.3776143,9,0
10,14.422389,-17.721355,10,0
10,15.094966,-16.462745,10,0
10,15.825465,-15.236845,10,0
10,10.581668,-18.667782,10,0
10,12.492077,-18.154187,10,0
10,14.422389,-17.721355,10,0
10,8.9739829,-17.745881,10,0
10,9.7864646,-18.191766,10,0
10,10.581668,-18.667782,10,0
10,9.4606733,-12.247128,10,0
10,9.4995453,-12.901322,10,0
10,9.5125094,-13.556542,10,0
10,9.5125094,-13.556542,10,0
10,9.3773262,-15.668447,10,0
10,8.9739829,-17.745881,10,0
10,15.825465,-15.236845,10,0
10,15.815757,-15.192824,10,0
10,15.806081,-15.148797,10,0
10,12.863753,-12.404056,10,0
10,11.162215,-12.325545,10,0
10,9.4606733,-12.247128,10,0
10,15.806081,-15.148797,10,0
10,14.164251,-13.959378,10,0
10,12.863753,-12.404056,10,0
11,5.0988186,8.9079327,11,0
11,5.5321142,8.6806524,11,0
11,5.966306,8.4550889,11,0
11,5.8151402,14.111291,11,0
11,5.4791983,11.506553,11,0
11,5.0988186,8.9079327,11,0
11,5.966306,8.4550889,11,0
11,8.1060203,9.4149555,11,0
11,10.372171,10.018515,11,0
11,10.372171,10.018515,11,0
11,10.864931,11.438959,11,0
11,11.557956,12.773196,11,0
11,8.8042046,15.397114,11,0
11,7.3405589,14.682403,11,0
11,5.8151402,14.111291,11,0
11,11.557956,12.773196,11,0
11,11.283165,13.534608,11,0
11,11.027105,14.30252,11,0
11,11.027105,14.30252,11,0
11,9.8950173,14.807907,11,0
11,8.8042046,15.397114,11,0
12,-16.972712,9.6383818,12,0
12,-16.344695,10.688162,12,0
12,-15.695212,11.724798,12,0
12,-15.695212,11.724798,12,0
12,-16.013262,13.479146,12,0
12,-16.189977,15.253312,12,0
12,-16.189977,15.253312,12,0
12,-16.482734,15.454608,12,0
12,-16.771318,15.661845,12,0
12,-20.146863,9.6457883,12,0
12,-18.559731,9.666528,12,0
12,-16.972712,9.6383818,12,0
12,-16.771318,15.661845,12,0
12,-20.319099,14.925554,12,0
12,-23.724718,13.692918,12,0
12,-23.755626,12.518339,12,0
12,-21.799784,11.2735,12,0
12,-20.146863,9.6457883,12,0
12,-23.724718,13.692918,12,0
12,-23.740176,13.105629,12,0
12,-23.755626,12.518339,12,0
13,-10.136424,-13.661096,13,0
13,-9.7558522,-15.425799,13,0
13,-9.6281429,-17.226549,13,0
13,-4.8006575,-18.490467,13,0
13,-4.5240512,-18.236476,13,0
13,-4.2460549,-17.984008,13,0
13,-4.2460549,-17.984008,13,0
13,-4.2816876,-16.430331,13,0
13,-4.1398547,-14.88273,13,0
13,-9.7957555,-13.155448,13,0
13,-9.9654214,-13.408722,13,0
13,-10.136424,-13.661096,13,0
13,-4.1398547,-14.88273,13,0
13,-5.3086149,-13.686945,13,0
13,-6.3775159,-12.401117,13,0
13,-6.3775159,-12.401117,13,0
13,-8.0456002,-12.964234,13,0
13,-9.7957555,-13.155448,13,0
13,-9.1108296,-18.453134,13,0
13,-6.9554942,-18.443011,13,0
13,-4.8006575,-18.490467,13,0
13,-9.6281429,-17.226549,13,0
13,-9.632872,-17.57391,13,0
13,-9.6470559,-17.921015,13,0
13,-9.6470559,-17.921015,13,0
13,-9.3786718,-18.186801,13,0
13,-9.1108296,-18.453134,13,0
14,4.9659958,8.8817419,14,0
14,5.0324127,8.8948095,14,0
14,5.0988186,8.9079327,14,0
14,-0.67229144,11.782919,14,0
14,2.1829686,10.402521,14,0
14,4.9659958,8.8817419,14,0
14,-1.2300647,13.591408,14,0
14,-0.93422852,12.692391,14,0
14,-0.67229144,11.782919,14,0
14,5.0988186,8.9079327,14,0
14,5.4791983,11.506553,14,0
14,5.8151402,14.111291,14,0
14,0.68179151,15.342023,14,0
14,-0.26092076,14.452282,14,0
14,-1.2300647,13.591408,14,0
14,5.8151402,14.111291,14,0
14,4.9348177,14.782941,14,0
14,4.0938268,15.503231,14,0
14,4.0938268,15.503231,14,0
14,2.398467,15.197049,14,0
14,0.68179151,15.342023,14,0
15,17.971232,13.096424,15,0
15,19.363103,11.239223,15,0
15,20.598058,9.2741813,15,0
15,22.242342,16.319634,15,0
15,20.075775,14.749124,15,0
15,17.971232,13.096424,15,0
15,24.70186,16.242986,15,0
15,23.47021,16.220622,15,0
15,22.242342,16.319634,15,0
15,26.275282,13.692918,15,0
15,25.510151,14.981267,15,0
15,24.70186,16.242986,15,0
15,20.598058,9.2741813,15,0
15,22.35844,9.4441569,15,0
15,24.123265,9.5229129,15,0
15,26.244374,12.518339,15,0
15,26.259824,13.105629,15,0
15,26.275282,13.692918,15,0
15,24.123265,9.5229129,15,0
15,25.093095,11.084057,15,0
15,26.244374,12.518339,15,0
16,-19.897322,-8.6708869,16,0
16,-19.189714,-6.3770048,16,0
16,-18.399016,-4.1104211,16,0
16,-24.32636,-8.892128,16,0
16,-22.116682,-8.7109638,16,0
16,-19.897322,-8.6708869,16,0
16,-18.399016,-4.1104211,16,0
16,-21.475762,-3.1435368,16,0
16,-24.630494,-2.4922202,16,0
16,-25.596173,-7.3844787,16,0
16,-24.951592,-8.1301555,16,0
16,-24.32636,-8.892128,16,0
16,-24.630494,-2.4922202,16,0
16,-24.978639,-4.9649367,16,0
16,-25.596173,-7.3844787,16,0
17,-12.815479,1.3695558,17,0
17,-10.356374,1.1843781,17,0
17,-7.9043879,0.92122451,17,0
17,-13.505647,5.4286124,17,0
17,-13.123671,3.405357,17,0
17,-12.815479,1.3695558,17,0
17,-7.9043879,0.92122451,17,0
17,-7.2881791,2.7289569,17,0
17,-6.7350218,4.5569685,17,0
17,-9.9857239,8.0007298,17,0
17,-11.728426,6.691052,17,0
17,-13.505647,5.4286124,17,0
17,-6.7350218,4.5569685,17,0
17,-8.2504228,6.1906497,17,0
17,-9.6471638,7.9268721,17,0
17,-9.6471638,7.9268721,17,0
17,-9.8167738,7.9622884,17,0
17,-9.9857239,8.0007298,17,0
18,14.434167,-6.3022708,18,0
18,15.673684,-5.0955163,18,0
18,16.913339,-3.8889052,18,0
18,16.913339,-3.8889052,18,0
18,16.462177,-2.6214887,18,0
18,16.058585,-1.3381317,18,0
18,12.349136,0.22469572,18,0
18,12.191884,0.14199039,18,0
18,12.034192,0.060125857,18,0
18,16.058585,-1.3381317,18,0
18,14.125552,-0.74258777,18,0
18,12.349136,0.22469572,18,0
18,10.614285,-5.6227948,18,0
18,12.520437,-5.9838321,18,0
18,14.434167,-6.3022708,18,0
18,12.034192,0.060125857,18,0
18,11.267579,-2.3463779,18,0
18,10.185667,-4.6285746,18,0
18,10.185667,-4.6285746,18,0
18,10.40367,-5.1240921,18,0
18,10.614285,-5.6227948,18,0
19,2.6186806,-3.1721664,19,0
19,1.1101153,-4.9843229,19,0
19,-0.4301136,-6.7696451,19,0
19,-0.00083559084,-9.4772433,19,0
19,1.7764794,-9.8877792,19,0
19,3.5712857,-10.213446,19,0
19,-0.4301136,-6.7696451,19,0
19,-0.10858994,-8.0672793,19,0
19,-0.00047252799,-9.3997741,19,0
19,-0.00047252799,-9.3997741,19,0
19,-0.0005632942,-9.4385091,19,0
19,-0.00083559084,-9.4772433,19,0
19,4.2029529,-3.8602088,19,0
19,3.4077379,-3.523277,19,0
19,2.6186806,-3.1721664,19,0
19,3.5712857,-10.213446,19,0
19,4.3719174,-8.9826994,19,0
19,5.2428312,-7.8006427,19,0
19,5.2428312,-7.8006427,19,0
19,4.6417136,-5.8518487,19,0
19,4.2029529,-3.8602088,19,0
20,16.913339,-3.8889052,20,0
20,15.673684,-5.0955163,20,0
20,14.434167,-6.3022708,20,0
20,19.2335,-4.3401059,20,0
20,18.070049,-4.1318413,20,0
20,16.913339,-3.8889052,20,0
20,19.275754,-10.51245,20,0
20,20.242903,-9.0422132,20,0
20,21.293996,-7.630767,20,0
20,21.293996,-7.630767,20,0
20,20.176898,-6.039819,20,0
20,19.2335,-4.3401059,20,0
20,14.434167,-6.3022708,20,0
20,15.081726,-8.0924931,20,0
20,15.773743,-9.8660037,20,0
20,17.656626,-10.834706,20,0
20,18.465833,-10.671783,20,0
20,19.275754,-10.51245,20,0
20,15.773743,-9.8660037,20,0
20,16.735974,-10.309946,20,0
20,17.656626,-10.834706,20,0
21,14.422389,-17.721355,21,0
21,12.492077,-18.154187,21,0
21,10.581668,-18.667782,21,0
21,10.581668,-18.667782,21,0
21,11.077107,-21.7694,21,0
21,11.242869,-24.905962,21,0
21,16.151922,-20.667352,21,0
21,15.265255,-19.207211,21,0
21,14.422389,-17.721355,21,0
21,14.930571,-24.826861,21,0
21,15.361702,-22.697705,21,0
21,16.151922,-20.667352,21,0
21,11.242869,-24.905962,21,0
21,11.242417,-25.069948,21,0
21,11.240117,-25.224288,21,0
21,11.617845,-25.461853,21,0
21,13.271952,-25.132588,21,0
21,14.930571,-24.826861,21,0
21,11.240117,-25.224288,21,0
21,11.42908,-25.342913,21,0
21,11.617845,-25.461853,21,0
22,2.6186806,-3.1721664,22,0
22,2.4589282,-2.8903751,22,0
22,2.3005915,-2.607786,22,0
22,2.3005915,-2.607786,22,0
22,-0.2296724,-1.9936342,22,0
22,-2.693037,-1.1502761,22,0
22,-2.693037,-1.1502761,22,0
22,-3.4527035,-2.7937228,22,0
22,-4.3908209,-4.3422531,22,0
22,-0.4301136,-6.7696451,22,0
22,1.1101153,-4.9843229,22,0
22,2.6186806,-3.1721664,22,0
22,-4.3908209,-4.3422531,22,0
22,-3.8053693,-5.3117865,22,0
22,-3.1920816,-6.2639562,22,0
22,-3.1920816,-6.2639562,22,0
22,-1.7889165,-6.3956522,22,0
22,-0.4301136,-6.7696451,22,0
23,15.825465,-15.236845,23,0
23,17.879189,-16.064979,23,0
23,19.900368,-16.969647,23,0
23,22.647222,-13.957682,23,0
23,20.893965,-12.301144,23,0
23,19.275754,-10.51245,23,0
23,19.900368,-16.969647,23,0
23,21.194836,-15.391655,23,0
23,22.647222,-13.957682,23,0
23,15.806081,-15.148797,23,0
23,15.815757,-15.192824,23,0
23,15.825465,-15.236845,23,0
23,19.275754,-10.51245,23,0
23,18.465833,-10.671783,23,0
23,17.656626,-10.834706,23,0
23,17.656626,-10.834706,23,0
23,16.994493,-13.104626,23,0
23,15.806081,-15.148797,23,0
24,-6.809336,12.222079,24,0
24,-5.8100706,13.469309,24,0
24,-4.7523952,14.667407,24,0
24,-12.23802,16.780014,24,0
24,-11.24974,14.57195,24,0
24,-10.502788,12.271013,24,0
24,-10.502788,12.271013,24,0
24,-8.6529702,12.479913,24,0
24,-6.809336,12.222079,24,0
24,-4.7523952,14.667407,24,0
24,-6.7972873,16.471953,24,0
24,-9.0684582,17.981838,24,0
24,-12.228093,16.799051,24,0
24,-12.233054,16.789532,24,0
24,-12.23802,16.780014,24,0
24,-9.0684582,17.981838,24,0
24,-10.644642,17.380738,24,0
24,-12.228093,16.799051,24,0
25,4.9659958,8.8817419,25,0
25,2.1829686,10.402521,25,0
25,-0.67229144,11.782919,25,0
25,-0.67229144,11.782919,25,0
25,-1.6594723,9.7638707,25,0
25,-2.8177816,7.8378897,25,0
25,1.5873865,5.7530643,25,0
25,3.3349421,7.2544989,25,0
25,4.9659958,8.8817419,25,0
25,-2.8177816,7.8378897,25,0
25,-2.7199262,7.1850546,25,0
25,-2.6292252,6.5311871,25,0
25,-2.6292252,6.5311871,25,0
25,-0.47961282,6.3659637,25,0
25,1.5873865,5.7530643,25,0
26,-4.8006575,-18.490467,26,0
26,-6.9554942,-18.443011,26,0
26,-9.1108296,-18.453134,26,0
26,-4.3081442,-25.082372,26,0
26,-4.5939295,-21.79374,26,0
26,-4.8006575,-18.490467,26,0
26,-4.709708,-25.482089,26,0
26,-4.5128062,-25.280316,26,0
26,-4.3081442,-25.082372,26,0
26,-9.1108296,-18.453134,26,0
26,-9.8732765,-21.749799,26,0
26,-10.550902,-25.057864,26,0
26,-8.4187252,-25.960632,26,0
26,-6.5582902,-25.767294,26,0
26,-4.709708,-25.482089,26,0
26,-10.550902,-25.057864,26,0
26,-9.4803535,-25.504917,26,0
26,-8.4187252,-25.960632,26,0
27,-15.67584,6.4272587,27,0
27,-16.324322,8.0328018,27,0
27,-16.972712,9.6383818,27,0
27,-19.611911,3.4517078,27,0
27,-17.659052,4.9595589,27,0
27,-15.67584,6.4272587,27,0
27,-16.972712,9.6383818,27,0
27,-18.559731,9.666528,27,0
27,-20.146863,9.6457883,27,0
27,-20.053117,3.5206488,27,0
27,-19.832647,3.4853279,27,0
27,-19.611911,3.4517078,27,0
27,-20.146863,9.6457883,27,0
27,-21.099751,7.8907727,27,0
27,-22.326273,6.3147905,27,0
27,-22.326273,6.3147905,27,0
27,-21.077121,5.0093033,27,0
27,-20.053117,3.5206488,27,0
28,-16.972712,9.6383818,28,0
28,-16.324322,8.0328018,28,0
28,-15.67584,6.4272587,28,0
28,-15.67584,6.4272587,28,0
28,-14.588997,5.9317304,28,0
28,-13.505647,5.4286124,28,0
28,-15.695212,11.724798,28,0
28,-16.344695,10.688162,28,0
28,-16.972712,9.6383818,28,0
28,-13.505647,5.4286124,28,0
28,-11.728426,6.691052,28,0
28,-9.9857239,8.0007298,28,0
28,-11.13776,11.36575,28,0
28,-13.423891,11.451284,28,0
28,-15.695212,11.724798,28,0
28,-9.9857239,8.0007298,28,0
28,-10.744222,9.6207667,28,0
28,-11.13776,11.36575,28,0
29,-4.2460549,-17.984008,29,0
29,-4.5240512,-18.236476,29,0
29,-4.8006575,-18.490467,29,0
29,1.239802,-20.968843,29,0
29,0.43616199,-19.634859,29,0
29,-0.33831928,-18.283738,29,0
29,-0.33831928,-18.283738,29,0
29,-2.3004378,-18.241442,29,0
29,-4.2460549,-17.984008,29,0
29,-4.8006575,-18.490467,29,0
29,-4.5939295,-21.79374,29,0
29,-4.3081442,-25.082372,29,0
29,0.50926402,-24.425374,29,0
29,0.81097837,-22.687311,29,0
29,1.239802,-20.968843,29,0
29,-4.3081442,-25.082372,29,0
29,-1.9110135,-24.669011,29,0
29,0.50926402,-24.425374,29,0
30,12.442755,7.7068754,30,0
30,12.0602,6.6454639,30,0
30,11.64368,5.5969153,30,0
30,14.584532,8.7068178,30,0
30,13.530383,8.1709911,30,0
30,12.442755,7.7068754,30,0
30,11.64368,5.5969153,30,0
30,12.584846,4.3032333,30,0
30,13.477735,2.9757712,30,0
30,18.022373,6.703846,30,0
30,16.286716,7.6766056,30,0
30,14.584532,8.7068178,30,0
30,13.477735,2.9757712,30,0
30,14.896709,3.1202227,30,0
30,16.32301,3.1243717,30,0
30,16.32301,3.1243717,30,0
30,17.07448,4.9607348,30,0
30,18.022373,6.703846,30,0
31,-18.058293,-3.9560458,31,0
31,-18.228891,-4.032712,31,0
31,-18.399016,-4.1104211,31,0
31,-18.399016,-4.1104211,31,0
31,-19.189714,-6.3770048,31,0
31,-19.897322,-8.6708869,31,0
31,-18.389231,-10.488945,31,0
31,-17.068557,-10.509113,31,0
31,-15.748105,-10.540601,31,0
31,-19.897322,-8.6708869,31,0
31,-19.136178,-9.5740276,31,0
31,-18.389231,-10.488945,31,0
31,-14.513497,-4.740963,31,0
31,-16.298092,-4.4035875,31,0
31,-18.058293,-3.9560458,31,0
31,-15.748105,-10.540601,31,0
31,-14.950872,-9.7372101,31,0
31,-14.15361,-8.9338487,31,0
31,-14.15361,-8.9338487,31,0
31,-14.405082,-6.8435454,31,0
31,-14.513497,-4.740963,31,0
32,-10.136424,-13.661096,32,0
32,-9.9654214,-13.408722,32,0
32,-9.7957555,-13.155448,32,0
32,-14.144495,-14.455182,32,0
32,-12.163733,-13.940669,32,0
32,-10.136424,-13.661096,32,0
32,-15.748105,-10.540601,32,0
32,-14.929299,-12.490927,32,0
32,-14.144495,-14.455182,32,0
32,-9.7957555,-13.155448,32,0
32,-10.247842,-11.323614,32,0
32,-10.354968,-9.4398613,32,0
32,-14.15361,-8.9338487,32,0
32,-14.950872,-9.7372101,32,0
32,-15.748105,-10.540601,32,0
32,-10.354968,-9.4398613,32,0
32,-12.262422,-9.2479073,32,0
32,-14.15361,-8.9338487,32,0
33,-7.9043879,0.92122451,33,0
33,-10.356374,1.1843781,33,0
33,-12.815479,1.3695558,33,0
33,-12.815479,1.3695558,33,0
33,-13.041673,1.0926794,33,0
33,-13.268366,0.81621041,33,0
33,-13.268366,0.81621041,33,0
33,-13.200117,-0.26901479,33,0
33,-13.177354,-1.3561456,33,0
33,-7.5671519,0.42793862,33,0
33,-7.7348621,0.67520218,33,0
33,-7.9043879,0.92122451,33,0
33,-7.7215945,-3.7657614,33,0
33,-7.7515543,-1.6649642,33,0
33,-7.5671519,0.42793862,33,0
33,-13.177354,-1.3561456,33,0
33,-13.208662,-2.6309855,33,0
33,-13.302508,-3.9027519,33,0
33,-9.3859354,-5.0727555,33,0
33,-8.5444817,-4.4310798,33,0
33,-7.7215945,-3.7657614,33,0
33,-13.302508,-3.9027519,33,0
33,-11.326632,-4.4288739,33,0
33,-9.3859354,-5.0727555,33,0
34,14.95754,17.414134,34,0
34,16.31476,18.555598,34,0
34,17.584139,19.79401,34,0
34,14.072372,17.518523,34,0
34,14.514957,17.466337,34,0
34,14.95754,17.414134,34,0
34,11.52426,20.386749,34,0
34,12.840728,18.990314,34,0
34,14.072372,17.518523,34,0
34,11.617845,24.538147,34,0
34,11.571303,22.462442,34,0
34,11.52426,20.386749,34,0
34,17.584139,19.79401,34,0
34,17.186793,22.03248,34,0
34,16.972958,24.291679,34,0
34,14.930571,25.173139,34,0
34,13.271952,24.867412,34,0
34,11.617845,24.538147,34,0
34,16.972958,24.291679,34,0
34,15.943148,24.706772,34,0
34,14.930571,25.173139,34,0
35,20.371486,-19.119875,35,0
35,19.91643,-19.716156,35,0
35,19.4613,-20.312381,35,0
35,19.4613,-20.312381,35,0
35,19.724044,-21.887298,35,0
35,19.811981,-23.481559,35,0
35,25.542657,-19.619662,35,0
35,22.947592,-19.484321,35,0
35,20.371486,-19.119875,35,0
35,25.713049,-19.807495,35,0
35,25.627796,-19.71363,35,0
35,25.542657,-19.619662,35,0
35,19.811981,-23.481559,35,0
35,19.793081,-24.221553,35,0
35,19.739864,-24.954963,35,0
35,19.739864,-24.954963,35,0
35,21.674321,-25.71211,35,0
35,23.567932,-26.555971,35,0
35,26.378826,-23.628963,35,0
35,26.018249,-21.727266,35,0
35,25.713049,-19.807495,35,0
35,23.567932,-26.555971,35,0
35,24.936641,-25.057186,35,0
35,26.378826,-23.628963,35,0
36,-15.67584,6.4272587,36,0
36,-17.659052,4.9595589,36,0
36,-19.611911,3.4517078,36,0
36,-13.505647,5.4286124,36,0
36,-14.588997,5.9317304,36,0
36,-15.67584,6.4272587,36,0
36,-12.815479,1.3695558,36,0
36,-13.123671,3.405357,36,0
36,-13.505647,5.4286124,36,0
36,-19.611911,3.4517078,36,0
36,-18.44677,1.8748976,36,0
36,-17.11651,0.4346572,36,0
36,-13.268366,0.81621041,36,0
36,-13.041673,1.0926794,36,0
36,-12.815479,1.3695558,36,0
36,-17.11651,0.4346572,36,0
36,-15.198773,0.68932502,36,0
36,-13.268366,0.81621041,36,0
37,17.528862,13.18463,37,0
37,16.355059,15.367386,37,0
37,14.95754,17.414134,37,0
37,14.925275,11.391734,37,0
37,16.22168,12.296006,37,0
37,17.528862,13.18463,37,0
37,11.557956,12.773196,37,0
37,13.280316,12.176799,37,0
37,14.925275,11.391734,37,0
37,14.95754,17.414134,37,0
37,14.514957,17.466337,37,0
37,14.072372,17.518523,37,0
37,11.027105,14.30252,37,0
37,11.283165,13.534608,37,0
37,11.557956,12.773196,37,0
37,14.072372,17.518523,37,0
37,12.615325,15.848417,37,0
37,11.027105,14.30252,37,0
38,5.5930309,19.496185,38,0
38,7.1074305,18.875184,38,0
38,8.5922584,18.186465,38,0
38,8.5922584,18.186465,38,0
38,10.022991,19.333605,38,0
38,11.52426,20.386749,38,0
38,11.52426,20.386749,38,0
38,11.571303,22.462442,38,0
38,11.617845,24.538147,38,0
38,11.617845,24.538147,38,0
38,11.42908,24.657087,38,0
38,11.240117,24.775712,38,0
38,6.4083282,24.802047,38,0
38,5.9419003,22.161383,38,0
38,5.5930309,19.496185,38,0
38,11.240117,24.775712,38,0
38,9.0340487,24.908305,38,0
38,6.830567,25.097529,38,0
38,6.830567,25.097529,38,0
38,6.6199354,24.949091,38,0
38,6.4083282,24.802047,38,0
39,-4.6298325,14.700954,39,0
39,-2.9211748,14.173065,39,0
39,-1.2300647,13.591408,39,0
39,-2.8331489,20.061772,39,0
39,-3.9917565,17.468591,39,0
39,-4.6298325,14.700954,39,0
39,-1.2300647,13.591408,39,0
39,-0.26092076,14.452282,39,0
39,0.68179151,15.342023,39,0
39,0.61838856,19.755619,39,0
39,-1.1119826,19.856808,39,0
39,-2.8331489,20.061772,39,0
39,0.68179151,15.342023,39,0
39,0.68886051,17.260818,39,0
39,1.1249689,19.12941,39,0
39,1.1249689,19.12941,39,0
39,0.87241886,19.443113,39,0
39,0.61838856,19.755619,39,0
40,15.825465,-15.236845,40,0
40,15.094966,-16.462745,40,0
40,14.422389,-17.721355,40,0
40,19.900368,-16.969647,40,0
40,17.879189,-16.064979,40,0
40,15.825465,-15.236845,40,0
40,20.371486,-19.119875,40,0
40,20.118244,-18.048635,40,0
40,19.900368,-16.969647,40,0
40,14.422389,-17.721355,40,0
40,15.265255,-19.207211,40,0
40,16.151922,-20.667352,40,0
40,19.4613,-20.312381,40,0
40,19.91643,-19.716156,40,0
40,20.371486,-19.119875,40,0
40,16.151922,-20.667352,40,0
40,17.795923,-20.390223,40,0
40,19.4613,-20.312381,40,0
41,6.4263741,-18.426037,41,0
41,5.1956521,-16.858748,41,0
41,4.0134765,-15.254525,41,0
41,5.62426,-20.025422,41,0
41,6.0230993,-19.224617,41,0
41,6.4263741,-18.426037,41,0
41,1.239802,-20.968843,41,0
41,3.4118182,-20.403196,41,0
41,5.62426,-20.025422,41,0
41,4.0134765,-15.254525,41,0
41,2.4097593,-15.580089,41,0
41,0.8397696,-16.041643,41,0
41,-0.33831928,-18.283738,41,0
41,0.43616199,-19.634859,41,0
41,1.239802,-20.968843,41,0
41,0.8397696,-16.041643,41,0
41,0.28008204,-17.178116,41,0
41,-0.33831928,-18.283738,41,0
42,-19.60599,24.739838,42,0
42,-19.659265,22.948638,42,0
42,-19.818901,21.16377,42,0
42,-19.818901,21.16377,42,0
42,-18.649922,20.102558,42,0
42,-17.366027,19.183703,42,0
42,-17.366027,19.183703,42,0
42,-15.753271,20.167768,42,0
42,-14.056133,20.997881,42,0
42,-19.611591,25.384633,42,0
42,-19.607751,25.065639,42,0
42,-19.60599,24.739838,42,0
42,-19.057667,25.629296,42,0
42,-19.33445,25.506558,42,0
42,-19.611591,25.384633,42,0
42,-14.056133,20.997881,42,0
42,-13.537307,22.792914,42,0
42,-13.060649,24.591349,42,0
42,-13.718052,25.041921,42,0
42,-16.395216,25.268733,42,0
42,-19.057667,25.629296,42,0
42,-13.060649,24.591349,42,0
42,-13.388582,24.817757,42,0
42,-13.718052,25.041921,42,0
43,16.913339,-3.8889052,43,0
43,18.070049,-4.1318413,43,0
43,19.2335,-4.3401059,43,0
43,19.2335,-4.3401059,43,0
43,20.665706,-2.8653094,43,0
43,22.176673,-1.4713155,43,0
43,16.058585,-1.3381317,43,0
43,16.462177,-2.6214887,43,0
43,16.913339,-3.8889052,43,0
43,22.176673,-1.4713155,43,0
43,20.932043,-0.073345655,43,0
43,19.785194,1.4058982,43,0
43,17.640652,1.4322522,43,0
43,16.914382,0.010076057,43,0
43,16.058585,-1.3381317,43,0
43,19.785194,1.4058982,43,0
43,18.712695,1.4005077,43,0
43,17.640652,1.4322522,43,0
44,20.598058,9.2741813,44,0
44,19.778487,8.1147037,44,0
44,18.958755,6.9553401,44,0
44,18.958755,6.9553401,44,0
44,20.203728,5.4107213,44,0
44,21.31977,3.7705212,44,0
44,24.123265,9.5229129,44,0
44,22.35844,9.4441569,44,0
44,20.598058,9.2741813,44,0
44,21.31977,3.7705212,44,0
44,22.867367,3.8474035,44,0
44,24.414941,3.8392211,44,0
44,25.771383,6.3853532,44,0
44,24.887204,7.9225527,44,0
44,24.123265,9.5229129,44,0
44,24.414941,3.8392211,44,0
44,25.035424,5.143047,44,0
44,25.771383,6.3853532,44,0
45,-6.7350218,4.5569685,45,0
45,-4.6982012,5.3272649,45,0
45,-2.7544349,6.3089811,45,0
45,-2.6292252,6.5311871,45,0
45,-2.7199262,7.1850546,45,0
45,-2.8177816,7.8378897,45,0
45,-2.7544349,6.3089811,45,0
45,-2.692152,6.4202656,45,0
45,-2.6292252,6.5311871,45,0
45,-9.6471638,7.9268721,45,0
45,-8.2504228,6.1906497,45,0
45,-6.7350218,4.5569685,45,0
45,-2.8177816,7.8378897,45,0
45,-4.7132976,9.0624916,45,0
45,-6.5547622,10.36696,45,0
45,-6.5547622,10.36696,45,0
45,-7.9506815,8.9564596,45,0
45,-9.6471638,7.9268721,45,0
46,2.3005915,-2.607786,46,0
46,2.4589282,-2.8903751,46,0
46,2.6186806,-3.1721664,46,0
46,2.7577674,1.1765244,46,0
46,2.5424866,-0.71723839,46,0
46,2.3005915,-2.607786,46,0
46,7.4612711,2.0252879,46,0
46,5.0777194,1.7771283,46,0
46,2.7577674,1.1765244,46,0
46,7.9469159,1.224924,46,0
46,7.7034811,1.6247344,46,0
46,7.4612711,2.0252879,46,0
46,2.6186806,-3.1721664,46,0
46,3.4077379,-3.523277,46,0
46,4.2029529,-3.8602088,46,0
46,6.9460328,-2.9724539,46,0
46,7.4023562,-0.86324476,46,0
46,7.9469159,1.224924,46,0
46,4.2029529,-3.8602088,46,0
46,5.5722276,-3.4093319,46,0
46,6.9460328,-2.9724539,46,0
47,17.971232,13.096424,47,0
47,17.750229,13.141438,47,0
47,17.528862,13.18463,47,0
47,20.598058,9.2741813,47,0
47,19.363103,11.239223,47,0
47,17.971232,13.096424,47,0
47,17.528862,13.18463,47,0
47,16.22168,12.296006,47,0
47,14.925275,11.391734,47,0
47,14.925275,11.391734,47,0
47,14.796238,10.04403,47,0
47,14.584532,8.7068178,47,0
47,18.958755,6.9553401,47,0
47,19.778487,8.1147037,47,0
47,20.598058,9.2741813,47,0
47,14.584532,8.7068178,47,0
47,16.286716,7.6766056,47,0
47,18.022373,6.703846,47,0
47,18.022373,6.703846,47,0
47,18.489737,6.8326716,47,0
47,18.958755,6.9553401,47,0
48,3.5712857,-10.213446,48,0
48,4.2045321,-11.556851,48,0
48,4.9536373,-12.839262,48,0
48,4.9536373,-12.839262,48,0
48,7.2020883,-12.51921,48,0
48,9.4563567,-12.243096,48,0
48,5.2428312,-7.8006427,48,0
48,4.3719174,-8.9826994,48,0
48,3.5712857,-10.213446,48,0
48,9.4563567,-12.243096,48,0
48,9.311851,-10.300676,48,0
48,9.0024844,-8.3776143,48,0
48,9.0024844,-8.3776143,48,0
48,7.1225675,-8.0897172,48,0
48,5.2428312,-7.8006427,48,0
49,2.3005915,-2.607786,49,0
49,2.5424866,-0.71723839,49,0
49,2.7577674,1.1765244,49,0
49,-2.693037,-1.1502761,49,0
49,-0.2296724,-1.9936342,49,0
49,2.3005915,-2.607786,49,0
49,-2.8405786,-0.76515911,49,0
49,-2.766372,-0.95755065,49,0
49,-2.693037,-1.1502761,49,0
49,2.7577674,1.1765244,49,0
49,2.130986,1.9090432,49,0
49,1.4653766,2.6064689,49,0
49,-1.2572417,2.3711572,49,0
49,-2.1378786,0.84791385,49,0
49,-2.8405786,-0.76515911,49,0
49,1.4653766,2.6064689,49,0
49,0.10910466,2.4305314,49,0
49,-1.2572417,2.3711572,49,0
50,-19.155058,-17.878177,50,0
50,-19.006045,-17.043422,50,0
50,-18.835835,-16.212731,50,0
50,-18.835835,-16.212731,50,0
50,-19.492329,-15.120555,50,0
50,-20.168012,-14.040145,50,0
50,-24.286951,-19.807495,50,0
50,-21.733321,-18.810075,50,0
50,-19.155058,-17.878177,50,0
50,-20.168012,-14.040145,50,0
50,-22.507818,-13.859822,50,0
50,-24.847486,-13.721883,50,0
50,-24.457343,-19.619662,50,0
50,-24.372204,-19.71363,50,0
50,-24.286951,-19.807495,50,0
50,-24.847486,-13.721883,50,0
50,-24.977089,-13.844637,50,0
50,-25.10669,-13.967394,50,0
50,-25.10669,-13.967394,50,0
50,-24.720015,-16.785729,50,0
50,-24.457343,-19.619662,50,0
51,21.293996,-7.630767,51,0
51,20.242903,-9.0422132,51,0
51,19.275754,-10.51245,51,0
51,19.275754,-10.51245,51,0
51,20.893965,-12.301144,51,0
51,22.647222,-13.957682,51,0
51,24.403827,-7.3844787,51,0
51,22.850231,-7.5242812,51,0
51,21.293996,-7.630767,51,0
51,22.647222,-13.957682,51,0
51,23.770301,-13.954393,51,0
51,24.89331,-13.967394,51,0
51,25.67364,-8.892128,51,0
51,25.048408,-8.1301555,51,0
51,24.403827,-7.3844787,51,0
51,24.89331,-13.967394,51,0
51,25.022911,-13.844637,51,0
51,25.152514,-13.721883,51,0
51,25.152514,-13.721883,51,0
51,25.430561,-11.309195,51,0
51,25.67364,-8.892128,51,0
52,11.242869,-24.905962,52,0
52,11.077107,-21.7694,52,0
52,10.581668,-18.667782,52,0
52,10.581668,-18.667782,52,0
52,9.7864646,-18.191766,52,0
52,8.9739829,-17.745881,52,0
52,8.9739829,-17.745881,52,0
52,7.7016221,-18.091366,52,0
52,6.4263741,-18.426037,52,0
52,6.4263741,-18.426037,52,0
52,6.0230993,-19.224617,52,0
52,5.62426,-20.025422,52,0
52,11.240117,-25.224288,52,0
52,11.242417,-25.069948,52,0
52,11.242869,-24.905962,52,0
52,5.62426,-20.025422,52,0
52,6.301935,-22.445514,52,0
52,6.830567,-24.902471,52,0
52,6.830567,-24.902471,52,0
52,9.0340487,-25.091695,52,0
52,11.240117,-25.224288,52,0
53,8.1536366,4.9025025,53,0
53,7.7504676,3.4776082,53,0
53,7.4612711,2.0252879,53,0
53,11.64368,5.5969153,53,0
53,9.9011333,5.237269,53,0
53,8.1536366,4.9025025,53,0
53,7.4612711,2.0252879,53,0
53,7.7034811,1.6247344,53,0
53,7.9469159,1.224924,53,0
53,7.9469159,1.224924,53,0
53,9.9964117,0.6630798,53,0
53,12.034192,0.060125857,53,0
53,13.477735,2.9757712,53,0
53,12.584846,4.3032333,53,0
53,11.64368,5.5969153,53,0
53,12.034192,0.060125857,53,0
53,12.191884,0.14199039,53,0
53,12.349136,0.22469572,53,0
53,12.349136,0.22469572,53,0
53,12.868272,1.6187613,53,0
53,13.477735,2.9757712,53,0
54,-1.5535274,-13.556284,54,0
54,-1.3447464,-12.139161,54,0
54,-1.2749316,-10.708444,54,0
54,-4.1398547,-14.88273,54,0
54,-2.8662491,-14.181372,54,0
54,-1.5535274,-13.556284,54,0
54,-6.3775159,-12.401117,54,0
54,-5.3086149,-13.686945,54,0
54,-4.1398547,-14.88273,54,0
54,-5.938609,-10.43702,54,0
54,-6.1261937,-11.42619,54,0
54,-6.3775159,-12.401117,54,0
54,-1.2749316,-10.708444,54,0
54,-1.2754199,-10.588649,54,0
54,-1.2768848,-10.468861,54,0
54,-4.0035979,-9.4423753,54,0
54,-4.9858197,-9.9110683,54,0
54,-5.938609,-10.43702,54,0
54,-1.2768848,-10.468861,54,0
54,-2.6719352,-10.039808,54,0
54,-4.0035979,-9.4423753,54,0
55,5.966306,8.4550889,55,0
55,6.9463033,6.6088102,55,0
55,8.1536366,4.9025025,55,0
55,8.1536366,4.9025025,55,0
55,9.9011333,5.237269,55,0
55,11.64368,5.5969153,55,0
55,10.372171,10.018515,55,0
55,8.1060203,9.4149555,55,0
55,5.966306,8.4550889,55,0
55,11.64368,5.5969153,55,0
55,12.0602,6.6454639,55,0
55,12.442755,7.7068754,55,0
55,12.442755,7.7068754,55,0
55,11.378689,8.836922,55,0
55,10.372171,10.018515,55,0
56,-17.95718,-19.50216,56,0
56,-18.566554,-18.697866,56,0
56,-19.155058,-17.878177,56,0
56,-19.155058,-17.878177,56,0
56,-21.733321,-18.810075,56,0
56,-24.286951,-19.807495,56,0
56,-19.057667,-24.370704,56,0
56,-18.538068,-21.929505,56,0
56,-17.95718,-19.50216,56,0
56,-24.286951,-19.807495,56,0
56,-23.981751,-21.727266,56,0
56,-23.621174,-23.628963,56,0
56,-19.611591,-24.615367,56,0
56,-19.33445,-24.493442,56,0
56,-19.057667,-24.370704,56,0
56,-23.621174,-23.628963,56,0
56,-21.611267,-24.094901,56,0
56,-19.611591,-24.615367,56,0
57,-4.6298325,14.700954,57,0
57,-4.6911418,14.684283,57,0
57,-4.7523952,14.667407,57,0
57,-0.67229144,11.782919,57,0
57,-0.93422852,12.692391,57,0
57,-1.2300647,13.591408,57,0
57,-1.2300647,13.591408,57,0
57,-2.9211748,14.173065,57,0
57,-4.6298325,14.700954,57,0
57,-2.8177816,7.8378897,57,0
57,-1.6594723,9.7638707,57,0
57,-0.67229144,11.782919,57,0
57,-4.7523952,14.667407,57,0
57,-5.8100706,13.469309,57,0
57,-6.809336,12.222079,57,0
57,-6.5547622,10.36696,57,0
57,-4.7132976,9.0624916,57,0
57,-2.8177816,7.8378897,57,0
57,-6.809336,12.222079,57,0
57,-6.6463784,11.299415,57,0
57,-6.5547622,10.36696,57,0
58,-16.189977,15.253312,58,0
58,-16.013262,13.479146,58,0
58,-15.695212,11.724798,58,0
58,-12.23802,16.780014,58,0
58,-14.193348,15.96321,58,0
58,-16.189977,15.253312,58,0
58,-15.695212,11.724798,58,0
58,-13.423891,11.451284,58,0
58,-11.13776,11.36575,58,0
58,-10.502788,12.271013,58,0
58,-11.24974,14.57195,58,0
58,-12.23802,16.780014,58,0
58,-11.13776,11.36575,58,0
58,-10.830184,11.825332,58,0
58,-10.502788,12.271013,58,0
59,9.5125094,-13.556542,59,0
59,9.4995453,-12.901322,59,0
59,9.4606733,-12.247128,59,0
59,9.4606733,-12.247128,59,0
59,9.4585151,-12.245111,59,0
59,9.4563567,-12.243096,59,0
59,4.9536373,-12.839262,59,0
59,4.4352378,-14.028085,59,0
59,4.0134765,-15.254525,59,0
59,9.4563567,-12.243096,59,0
59,7.2020883,-12.51921,59,0
59,4.9536373,-12.839262,59,0
59,8.9739829,-17.745881,59,0
59,9.3773262,-15.668447,59,0
59,9.5125094,-13.556542,59,0
59,4.0134765,-15.254525,59,0
59,5.1956521,-16.858748,59,0
59,6.4263741,-18.426037,59,0
59,6.4263741,-18.426037,59,0
59,7.7016221,-18.091366,59,0
59,8.9739829,-17.745881,59,0
60,12.034192,0.060125857,60,0
60,9.9964117,0.6630798,60,0
60,7.9469159,1.224924,60,0
60,10.185667,-4.6285746,60,0
60,11.267579,-2.3463779,60,0
60,12.034192,0.060125857,60,0
60,7.9469159,1.224924,60,0
60,7.4023562,-0.86324476,60,0
60,6.9460328,-2.9724539,60,0
60,6.9460328,-2.9724539,60,0
60,8.5598055,-3.8123381,60,0
60,10.185667,-4.6285746,60,0
61,4.0938268,15.503231,61,0
61,4.9348177,14.782941,61,0
61,5.8151402,14.111291,61,0
61,4.2421635,17.255661,61,0
61,4.2050132,16.376312,61,0
61,4.0938268,15.503231,61,0
61,4.1543907,18.605652,61,0
61,4.2201972,17.932081,61,0
61,4.2421635,17.255661,61,0
61,5.5930309,19.496185,61,0
61,4.8669043,19.061914,61,0
61,4.1543907,18.605652,61,0
61,5.8151402,14.111291,61,0
61,7.3405589,14.682403,61,0
61,8.8042046,15.397114,61,0
61,8.5922584,18.186465,61,0
61,7.1074305,18.875184,61,0
61,5.5930309,19.496185,61,0
61,8.8042046,15.397114,61,0
61,8.6894428,16.791122,61,0
61,8.5922584,18.186465,61,0
62,-14.911575,-19.5193,62,0
62,-16.43452,-19.536026,62,0
62,-17.95718,-19.50216,62,0
62,-13.718052,-24.958079,62,0
62,-14.074706,-22.185999,62,0
62,-14.911575,-19.5193,62,0
62,-17.95718,-19.50216,62,0
62,-18.538068,-21.929505,62,0
62,-19.057667,-24.370704,62,0
62,-19.057667,-24.370704,62,0
62,-16.395216,-24.731267,62,0
62,-13.718052,-24.958079,62,0
63,-2.8331489,20.061772,63,0
63,-1.1119826,19.856808,63,0
63,0.61838856,19.755619,63,0
63,0.61838856,19.755619,63,0
63,1.0015711,21.953427,63,0
63,1.1298644,24.180695,63,0
63,-4.709708,24.517911,63,0
63,-4.0104681,22.191349,63,0
63,-2.8331489,20.061772,63,0
63,-4.3081442,24.917628,63,0
63,-4.5128062,24.719684,63,0
63,-4.709708,24.517911,63,0
63,1.1298644,24.180695,63,0
63,1.1252996,24.601492,63,0
63,1.1105449,25.01612,63,0
63,0.50926402,25.574626,63,0
63,-1.9110135,25.330989,63,0
63,-4.3081442,24.917628,63,0
63,1.1105449,25.01612,63,0
63,0.80938266,25.291468,63,0
63,0.50926402,25.574626,63,0
64,19.2335,-4.3401059,64,0
64,20.176898,-6.039819,64,0
64,21.293996,-7.630767,64,0
64,22.176673,-1.4713155,64,0
64,20.665706,-2.8653094,64,0
64,19.2335,-4.3401059,64,0
64,24.821957,-1.5852795,64,0
64,23.499053,-1.5343657,64,0
64,22.176673,-1.4713155,64,0
64,21.293996,-7.630767,64,0
64,22.850231,-7.5242812,64,0
64,24.403827,-7.3844787,64,0
64,25.369506,-2.4922202,64,0
64,25.102019,-2.034954,64,0
64,24.821957,-1.5852795,64,0
64,24.403827,-7.3844787,64,0
64,25.021361,-4.9649367,64,0
64,25.369506,-2.4922202,64,0
65,-17.11651,0.4346572,65,0
65,-17.830579,-1.7085339,65,0
65,-18.058293,-3.9560458,65,0
65,-13.177354,-1.3561456,65,0
65,-13.200117,-0.26901479,65,0
65,-13.268366,0.81621041,65,0
65,-13.268366,0.81621041,65,0
65,-15.198773,0.68932502,65,0
65,-17.11651,0.4346572,65,0
65,-18.058293,-3.9560458,65,0
65,-16.298092,-4.4035875,65,0
65,-14.513497,-4.740963,65,0
65,-13.302508,-3.9027519,65,0
65,-13.208662,-2.6309855,65,0
65,-13.177354,-1.3561456,65,0
65,-14.513497,-4.740963,65,0
65,-13.907013,-4.3232871,65,0
65,-13.302508,-3.9027519,65,0
66,17.584139,19.79401,66,0
66,18.947021,19.457294,66,0
66,20.339726,19.280659,66,0
66,20.339726,19.280659,66,0
66,21.884658,21.169321,66,0
66,23.62531,22.877358,66,0
66,23.62531,22.877358,66,0
66,23.596423,23.160673,66,0
66,23.567932,23.444029,66,0
66,16.972958,24.291679,66,0
66,17.186793,22.03248,66,0
66,17.584139,19.79401,66,0
66,23.567932,23.444029,66,0
66,21.674321,24.28789,66,0
66,19.739864,25.045037,66,0
66,19.739864,25.045037,66,0
66,18.360077,24.64616,66,0
66,16.972958,24.291679,66,0
67,19.900368,-16.969647,67,0
67,20.118244,-18.048635,67,0
67,20.371486,-19.119875,67,0
67,22.647222,-13.957682,67,0
67,21.194836,-15.391655,67,0
67,19.900368,-16.969647,67,0
67,24.89331,-13.967394,67,0
67,23.770301,-13.954393,67,0
67,22.647222,-13.957682,67,0
67,20.371486,-19.119875,67,0
67,22.947592,-19.484321,67,0
67,25.542657,-19.619662,67,0
67,25.542657,-19.619662,67,0
67,25.279985,-16.785729,67,0
67,24.89331,-13.967394,67,0
68,-7.7215945,-3.7657614,68,0
68,-6.0761729,-4.1693596,68,0
68,-4.3908209,-4.3422531,68,0
68,-7.5671519,0.42793862,68,0
68,-7.7515543,-1.6649642,68,0
68,-7.7215945,-3.7657614,68,0
68,-4.3908209,-4.3422531,68,0
68,-3.4527035,-2.7937228,68,0
68,-2.693037,-1.1502761,68,0
68,-2.8405786,-0.76515911,68,0
68,-5.1326632,0.11346353,68,0
68,-7.5671519,0.42793862,68,0
68,-2.693037,-1.1502761,68,0
68,-2.766372,-0.95755065,68,0
68,-2.8405786,-0.76515911,68,0
69,5.62426,-20.025422,69,0
69,3.4118182,-20.403196,69,0
69,1.239802,-20.968843,69,0
69,6.830567,-24.902471,69,0
69,6.301935,-22.445514,69,0
69,5.62426,-20.025422,69,0
69,1.239802,-20.968843,69,0
69,0.81097837,-22.687311,69,0
69,0.50926402,-24.425374,69,0
69,6.4083282,-25.197953,69,0
69,6.6199354,-25.050909,69,0
69,6.830567,-24.902471,69,0
69,0.50926402,-24.425374,69,0
69,0.80938266,-24.708532,69,0
69,1.1105449,-24.98388,69,0
69,1.1105449,-24.98388,69,0
69,3.7526142,-25.25358,69,0
69,6.4083282,-25.197953,69,0
70,19.785194,1.4058982,70,0
70,20.932043,-0.073345655,70,0
70,22.176673,-1.4713155,70,0
70,21.31977,3.7705212,70,0
70,20.552601,2.5881328,70,0
70,19.785194,1.4058982,70,0
70,22.176673,-1.4713155,70,0
70,23.499053,-1.5343657,70,0
70,24.821957,-1.5852795,70,0
70,24.414941,3.8392211,70,0
70,22.867367,3.8474035,70,0
70,21.31977,3.7705212,70,0
70,24.821957,-1.5852795,70,0
70,25.335899,-0.29645563,70,0
70,25.729994,1.0339176,70,0
70,25.729994,1.0339176,70,0
70,25.033906,2.418659,70,0
70,24.414941,3.8392211,70,0
71,-19.818901,21.16377,71,0
71,-19.659265,22.948638,71,0
71,-19.60599,24.739838,71,0
71,-24.438643,19.952995,71,0
71,-22.043565,20.231802,71,0
71,-19.818901,21.16377,71,0
71,-26.37469,22.877358,71,0
71,-25.378444,21.432907,71,0
71,-24.438643,19.952995,71,0
71,-19.60599,24.739838,71,0
71,-19.607751,25.065639,71,0
71,-19.611591,25.384633,71,0
71,-26.432068,23.444029,71,0
71,-26.403577,23.160673,71,0
71,-26.37469,22.877358,71,0
71,-19.611591,25.384633,71,0
71,-21.611267,25.905099,71,0
71,-23.621174,26.371037,71,0
71,-23.621174,26.371037,71,0
71,-25.063359,24.942814,71,0
71,-26.432068,23.444029,71,0
72,-9.6281429,-17.226549,72,0
72,-9.7558522,-15.425799,72,0
72,-10.136424,-13.661096,72,0
72,-9.6470559,-17.921015,72,0
72,-9.632872,-17.57391,72,0
72,-9.6281429,-17.226549,72,0
72,-13.759714,-17.684474,72,0
72,-11.712343,-17.958506,72,0
72,-9.6470559,-17.921015,72,0
72,-10.136424,-13.661096,72,0
72,-12.163733,-13.940669,72,0
72,-14.144495,-14.455182,72,0
72,-14.583326,-15.431769,72,0
72,-14.165396,-16.555883,72,0
72,-13.759714,-17.684474,72,0
72,-14.144495,-14.455182,72,0
72,-14.368565,-14.941384,72,0
72,-14.583326,-15.431769,72,0
73,-17.366027,19.183703,73,0
73,-17.245315,17.392946,73,0
73,-16.771318,15.661845,73,0
73,-16.771318,15.661845,73,0
73,-16.482734,15.454608,73,0
73,-16.189977,15.253312,73,0
73,-16.189977,15.253312,73,0
73,-14.193348,15.96321,73,0
73,-12.23802,16.780014,73,0
73,-14.056133,20.997881,73,0
73,-15.753271,20.167768,73,0
73,-17.366027,19.183703,73,0
73,-12.23802,16.780014,73,0
73,-12.233054,16.789532,73,0
73,-12.228093,16.799051,73,0
73,-12.228093,16.799051,73,0
73,-12.988311,18.965427,73,0
73,-14.056133,20.997881,73,0
74,-4.2460549,-17.984008,74,0
74,-2.3004378,-18.241442,74,0
74,-0.33831928,-18.283738,74,0
74,-0.33831928,-18.283738,74,0
74,0.28008204,-17.178116,74,0
74,0.8397696,-16.041643,74,0
74,-4.1398547,-14.88273,74,0
74,-4.2816876,-16.430331,74,0
74,-4.2460549,-17.984008,74,0
74,0.8397696,-16.041643,74,0
74,-0.23120568,-14.677945,74,0
74,-1.5535274,-13.556284,74,0
74,-1.5535274,-13.556284,74,0
74,-2.8662491,-14.181372,74,0
74,-4.1398547,-14.88273,74,0
75,14.925275,11.391734,75,0
75,13.280316,12.176799,75,0
75,11.557956,12.773196,75,0
75,14.584532,8.7068178,75,0
75,14.796238,10.04403,75,0
75,14.925275,11.391734,75,0
75,11.557956,12.773196,75,0
75,10.864931,11.438959,75,0
75,10.372171,10.018515,75,0
75,12.442755,7.7068754,75,0
75,13.530383,8.1709911,75,0
75,14.584532,8.7068178,75,0
75,10.372171,10.018515,75,0
75,11.378689,8.836922,75,0
75,12.442755,7.7068754,75,0
76,-19.155058,-17.878177,76,0
76,-18.566554,-18.697866,76,0
76,-17.95718,-19.50216,76,0
76,-17.95718,-19.50216,76,0
76,-16.43452,-19.536026,76,0
76,-14.911575,-19.5193,76,0
76,-14.911575,-19.5193,76,0
76,-14.29934,-18.624678,76,0
76,-13.759714,-17.684474,76,0
76,-18.835835,-16.212731,76,0
76,-19.006045,-17.043422,76,0
76,-19.155058,-17.878177,76,0
76,-13.759714,-17.684474,76,0
76,-14.165396,-16.555883,76,0
76,-14.583326,-15.431769,76,0
76,-14.583326,-15.431769,76,0
76,-16.735326,-15.682061,76,0
76,-18.835835,-16.212731,76,0
77,12.349136,0.22469572,77,0
77,14.125552,-0.74258777,77,0
77,16.058585,-1.3381317,77,0
77,13.477735,2.9757712,77,0
77,12.868272,1.6187613,77,0
77,12.349136,0.22469572,77,0
77,16.058585,-1.3381317,77,0
77,16.914382,0.010076057,77,0
77,17.640652,1.4322522,77,0
77,16.32301,3.1243717,77,0
77,14.896709,3.1202227,77,0
77,13.477735,2.9757712,77,0
77,17.640652,1.4322522,77,0
77,16.990064,2.284723,77,0
77,16.32301,3.1243717,77,0
78,19.811981,-23.481559,78,0
78,19.724044,-21.887298,78,0
78,19.4613,-20.312381,78,0
78,19.4613,-20.312381,78,0
78,17.795923,-20.390223,78,0
78,16.151922,-20.667352,78,0
78,16.151922,-20.667352,78,0
78,15.361702,-22.697705,78,0
78,14.930571,-24.826861,78,0
78,19.739864,-24.954963,78,0
78,19.793081,-24.221553,78,0
78,19.811981,-23.481559,78,0
78,14.930571,-24.826861,78,0
78,15.943148,-25.293228,78,0
78,16.972958,-25.708321,78,0
78,16.972958,-25.708321,78,0
78,18.360077,-25.35384,78,0
78,19.739864,-24.954963,78,0
79,-22.326273,6.3147905,79,0
79,-21.099751,7.8907727,79,0
79,-20.146863,9.6457883,79,0
79,-20.146863,9.6457883,79,0
79,-21.799784,11.2735,79,0
79,-23.755626,12.518339,79,0
79,-24.228617,6.3853532,79,0
79,-23.277152,6.3579758,79,0
79,-22.326273,6.3147905,79,0
79,-23.755626,12.518339,79,0
79,-24.906905,11.084057,79,0
79,-25.876735,9.5229129,79,0
79,-25.876735,9.5229129,79,0
79,-25.112796,7.9225527,79,0
79,-24.228617,6.3853532,79,0
80,15.773743,-9.8660037,80,0
80,14.161237,-10.954437,80,0
80,12.863753,-12.404056,80,0
80,12.863753,-12.404056,80,0
80,14.164251,-13.959378,80,0
80,15.806081,-15.148797,80,0
80,17.656626,-10.834706,80,0
80,16.735974,-10.309946,80,0
80,15.773743,-9.8660037,80,0
80,15.806081,-15.148797,80,0
80,16.994493,-13.104626,80,0
80,17.656626,-10.834706,80,0
81,1.6937377,4.4737135,81,0
81,1.6671041,5.1155953,81,0
81,1.5873865,5.7530643,81,0
81,1.5873865,5.7530643,81,0
81,-0.47961282,6.3659637,81,0
81,-2.6292252,6.5311871,81,0
81,-2.6292252,6.5311871,81,0
81,-2.692152,6.4202656,81,0
81,-2.7544349,6.3089811,81,0
81,1.4653766,2.6064689,81,0
81,1.6364356,3.5331351,81,0
81,1.6937377,4.4737135,81,0
81,-2.7544349,6.3089811,81,0
81,-2.2851615,4.2338682,81,0
81,-1.2572417,2.3711572,81,0
81,-1.2572417,2.3711572,81,0
81,0.10910466,2.4305314,81,0
81,1.4653766,2.6064689,81,0
82,20.339726,19.280659,82,0
82,21.120047,17.690278,82,0
82,22.242342,16.319634,82,0
82,22.242342,16.319634,82,0
82,23.47021,16.220622,82,0
82,24.70186,16.242986,82,0
82,23.62531,22.877358,82,0
82,21.884658,21.169321,82,0
82,20.339726,19.280659,82,0
82,24.70186,16.242986,82,0
82,25.311509,18.056313,82,0
82,25.561357,19.952995,82,0
82,25.561357,19.952995,82,0
82,24.621556,21.432907,82,0
82,23.62531,22.877358,82,0
83,-20.053117,3.5206488,83,0
83,-21.077121,5.0093033,83,0
83,-22.326273,6.3147905,83,0
83,-22.326273,6.3147905,83,0
83,-23.277152,6.3579758,83,0
83,-24.228617,6.3853532,83,0
83,-24.270006,1.0339176,83,0
83,-21.940765,1.9008613,83,0
83,-20.053117,3.5206488,83,0
83,-24.228617,6.3853532,83,0
83,-24.964576,5.143047,83,0
83,-25.585059,3.8392211,83,0
83,-25.585059,3.8392211,83,0
83,-24.966094,2.418659,83,0
83,-24.270006,1.0339176,83,0
84,-9.7957555,-13.155448,84,0
84,-8.0456002,-12.964234,84,0
84,-6.3775159,-12.401117,84,0
84,-6.3775159,-12.401117,84,0
84,-6.1261937,-11.42619,84,0
84,-5.938609,-10.43702,84,0
84,-10.354968,-9.4398613,84,0
84,-10.247842,-11.323614,84,0
84,-9.7957555,-13.155448,84,0
84,-5.938609,-10.43702,84,0
84,-7.5665527,-9.2905136,84,0
84,-9.4455422,-8.6316694,84,0
84,-9.4455422,-8.6316694,84,0
84,-9.9062047,-9.0290702,84,0
84,-10.354968,-9.4398613,84,0
85,-0.00083559084,-9.4772433,85,0
85,-0.0005632942,-9.4385091,85,0
85,-0.00047252799,-9.3997741,85,0
85,-0.00047252799,-9.3997741,85,0
85,-0.10858994,-8.0672793,85,0
85,-0.4301136,-6.7696451,85,0
85,-0.4301136,-6.7696451,85,0
85,-1.7889165,-6.3956522,85,0
85,-3.1920816,-6.2639562,85,0
85,-1.2768848,-10.468861,85,0
85,-0.61377423,-10.005334,85,0
85,-0.00083559084,-9.4772433,85,0
85,-3.1920816,-6.2639562,85,0
85,-3.8105883,-7.7988466,85,0
85,-4.0035979,-9.4423753,85,0
85,-4.0035979,-9.4423753,85,0
85,-2.6719352,-10.039808,85,0
85,-1.2768848,-10.468861,85,0
86,0.68179151,15.342023,86,0
86,2.398467,15.197049,86,0
86,4.0938268,15.503231,86,0
86,4.0938268,15.503231,86,0
86,4.2050132,16.376312,86,0
86,4.2421635,17.255661,86,0
86,4.2421635,17.255661,86,0
86,4.2201972,17.932081,86,0
86,4.1543907,18.605652,86,0
86,1.1249689,19.12941,86,0
86,0.68886051,17.260818,86,0
86,0.68179151,15.342023,86,0
86,4.1543907,18.605652,86,0
86,2.6644604,19.010862,86,0
86,1.1249689,19.12941,86,0
87,-9.9857239,8.0007298,87,0
87,-9.8167738,7.9622884,87,0
87,-9.6471638,7.9268721,87,0
87,-9.6471638,7.9268721,87,0
87,-7.9506815,8.9564596,87,0
87,-6.5547622,10.36696,87,0
87,-6.5547622,10.36696,87,0
87,-6.6463784,11.299415,87,0
87,-6.809336,12.222079,87,0
87,-11.13776,11.36575,87,0
87,-10.744222,9.6207667,87,0
87,-9.9857239,8.0007298,87,0
87,-6.809336,12.222079,87,0
87,-8.6529702,12.479913,87,0
87,-10.502788,12.271013,87,0
87,-10.502788,12.271013,87,0
87,-10.830184,11.825332,87,0
87,-11.13776,11.36575,87,0
88,-9.1108296,-18.453134,88,0
88,-9.3786718,-18.186801,88,0
88,-9.6470559,-17.921015,88,0
88,-9.6470559,-17.921015,88,0
88,-11.712343,-17.958506,88,0
88,-13.759714,-17.684474,88,0
88,-13.759714,-17.684474,88,0
88,-14.29934,-18.624678,88,0
88,-14.911575,-19.5193,88,0
88,-14.911575,-19.5193,88,0
88,-14.074706,-22.185999,88,0
88,-13.718052,-24.958079,88,0
88,-10.550902,-25.057864,88,0
88,-9.8732765,-21.749799,88,0
88,-9.1108296,-18.453134,88,0
88,-13.718052,-24.958079,88,0
88,-13.388582,-25.182243,88,0
88,-13.060649,-25.408651,88,0
88,-13.060649,-25.408651,88,0
88,-11.805448,-25.223373,88,0
88,-10.550902,-25.057864,88,0
89,1.1298644,24.180695,89,0
89,1.0015711,21.953427,89,0
89,0.61838856,19.755619,89,0
89,4.1543907,18.605652,89,0
89,4.8669043,19.061914,89,0
89,5.5930309,19.496185,89,0
89,0.61838856,19.755619,89,0
89,0.87241886,19.443113,89,0
89,1.1249689,19.12941,89,0
89,1.1249689,19.12941,89,0
89,2.6644604,19.010862,89,0
89,4.1543907,18.605652,89,0
89,1.1105449,25.01612,89,0
89,1.1252996,24.601492,89,0
89,1.1298644,24.180695,89,0
89,5.5930309,19.496185,89,0
89,5.9419003,22.161383,89,0
89,6.4083282,24.802047,89,0
89,6.4083282,24.802047,89,0
89,3.7526142,24.74642,89,0
89,1.1105449,25.01612,89,0
90,-9.0684582,17.981838,90,0
90,-8.5411212,20.355548,90,0
90,-8.3640911,22.780675,90,0
90,-12.228093,16.799051,90,0
90,-10.644642,17.380738,90,0
90,-9.0684582,17.981838,90,0
90,-14.056133,20.997881,90,0
90,-12.988311,18.965427,90,0
90,-12.228093,16.799051,90,0
90,-8.3640911,22.780675,90,0
90,-8.3760419,23.412339,90,0
90,-8.4187252,24.039368,90,0
90,-13.060649,24.591349,90,0
90,-13.537307,22.792914,90,0
90,-14.056133,20.997881,90,0
90,-8.4187252,24.039368,90,0
90,-9.4803535,24.495083,90,0
90,-10.550902,24.942136,90,0
90,-10.550902,24.942136,90,0
90,-11.805448,24.776627,90,0
90,-13.060649,24.591349,90,0
91,-14.144495,-14.455182,91,0
91,-14.929299,-12.490927,91,0
91,-15.748105,-10.540601,91,0
91,-14.583326,-15.431769,91,0
91,-14.368565,-14.941384,91,0
91,-14.144495,-14.455182,91,0
91,-18.835835,-16.212731,91,0
91,-16.735326,-15.682061,91,0
91,-14.583326,-15.431769,91,0
91,-15.748105,-10.540601,91,0
91,-17.068557,-10.509113,91,0
91,-18.389231,-10.488945,91,0
91,-20.168012,-14.040145,91,0
91,-19.492329,-15.120555,91,0
91,-18.835835,-16.212731,91,0
91,-18.389231,-10.488945,91,0
91,-19.264657,-12.27154,91,0
91,-20.168012,-14.040145,91,0
92,-18.389231,-10.488945,92,0
92,-19.136178,-9.5740276,92,0
92,-19.897322,-8.6708869,92,0
92,-20.168012,-14.040145,92,0
92,-19.264657,-12.27154,92,0
92,-18.389231,-10.488945,92,0
92,-19.897322,-8.6708869,92,0
92,-22.116682,-8.7109638,92,0
92,-24.32636,-8.892128,92,0
92,-24.847486,-13.721883,92,0
92,-22.507818,-13.859822,92,0
92,-20.168012,-14.040145,92,0
92,-24.32636,-8.892128,92,0
92,-24.569439,-11.309195,92,0
92,-24.847486,-13.721883,92,0
93,9.0024844,-8.3776143,93,0
93,9.8549763,-7.0274647,93,0
93,10.614285,-5.6227948,93,0
93,4.2029529,-3.8602088,93,0
93,4.6417136,-5.8518487,93,0
93,5.2428312,-7.8006427,93,0
93,5.2428312,-7.8006427,93,0
93,7.1225675,-8.0897172,93,0
93,9.0024844,-8.3776143,93,0
93,10.614285,-5.6227948,93,0
93,10.40367,-5.1240921,93,0
93,10.185667,-4.6285746,93,0
93,6.9460328,-2.9724539,93,0
93,5.5722276,-3.4093319,93,0
93,4.2029529,-3.8602088,93,0
93,10.185667,-4.6285746,93,0
93,8.5598055,-3.8123381,93,0
93,6.9460328,-2.9724539,93,0
94,-9.3194367,-6.5706988,94,0
94,-9.3360696,-5.8209895,94,0
94,-9.3859354,-5.0727555,94,0
94,-14.513497,-4.740963,94,0
94,-14.405082,-6.8435454,94,0
94,-14.15361,-8.9338487,94,0
94,-9.3859354,-5.0727555,94,0
94,-11.326632,-4.4288739,94,0
94,-13.302508,-3.9027519,94,0
94,-13.302508,-3.9027519,94,0
94,-13.907013,-4.3232871,94,0
94,-14.513497,-4.740963,94,0
94,-9.4455422,-8.6316694,94,0
94,-9.3509925,-7.6031113,94,0
94,-9.3194367,-6.5706988,94,0
94,-14.15361,-8.9338487,94,0
94,-12.262422,-9.2479073,94,0
94,-10.354968,-9.4398613,94,0
94,-10.354968,-9.4398613,94,0
94,-9.9062047,-9.0290702,94,0
94,-9.4455422,-8.6316694,94,0
95,11.027105,14.30252,95,0
95,12.615325,15.848417,95,0
95,14.072372,17.518523,95,0
95,14.072372,17.518523,95,0
95,12.840728,18.990314,95,0
95,11.52426,20.386749,95,0
95,8.8042046,15.397114,95,0
95,9.8950173,14.807907,95,0
95,11.027105,14.30252,95,0
95,11.52426,20.386749,95,0
95,10.022991,19.333605,95,0
95,8.5922584,18.186465,95,0
95,8.5922584,18.186465,95,0
95,8.6894428,16.791122,95,0
95,8.8042046,15.397114,95,0
96,18.958755,6.9553401,96,0
96,18.489737,6.8326716,96,0
96,18.022373,6.703846,96,0
96,21.31977,3.7705212,96,0
96,20.203728,5.4107213,96,0
96,18.958755,6.9553401,96,0
96,19.785194,1.4058982,96,0
96,20.552601,2.5881328,96,0
96,21.31977,3.7705212,96,0
96,18.022373,6.703846,96,0
96,17.07448,4.9607348,96,0
96,16.32301,3.1243717,96,0
96,17.640652,1.4322522,96,0
96,18.712695,1.4005077,96,0
96,19.785194,1.4058982,96,0
96,16.32301,3.1243717,96,0
96,16.990064,2.284723,96,0
96,17.640652,1.4322522,96,0
