z,x,y
0,0,-5.8359087853017
0,1,-8.571474719376768
0,2,-9.45165676314718
0,3,-9.356545629815182
0,4,-9.14599511750319
0,5,-8.865416042425965
0,6,-8.292094204855683
0,7,-7.922012559891209
0,8,-8.004645909968742
0,9,-7.9273756053945394
0,10,-7.566327547739633
0,11,-7.35287283828111
0,12,-7.198973539286355
0,13,-6.954170880929339
0,14,-6.746610685434437
0,15,-6.473737295385078
0,16,-6.234136831144262
0,17,-6.275370518166437
0,18,-6.179018630152773
0,19,-5.738844292262281
0,20,-5.435077095912757
0,21,-4.944207951280374
0,22,-3.7046073090479994
0,23,-2.644596124865961
0,24,-2.601295501789351
0,25,-2.8284353509972164
0,26,-2.744215322025473
0,27,-2.5968696172164147
0,28,-2.4049636694497605
0,29,-2.2689593797342447
0,30,-2.3989871384712242
0,31,-2.434495882594282
0,32,-2.3484081117326987
0,33,-2.6171061472627386
0,34,-2.837865853073767
0,35,-2.582107650815222
0,36,-2.5767889682482665
0,37,-2.9274547291220756
0,38,-2.7381056112132796
0,39,-2.2875773431218955
0,40,-2.4880411558276943
0,41,-2.9605658262964707
0,42,-3.0298105160253685
0,43,-2.850985291332127
0,44,-2.619370558690004
0,45,-2.358038704436282
0,46,-2.0260604800919686
0,47,-1.191769755229966
0,48,0.1649362841433811
0,49,1.11342737742098
0,50,1.134800753161024
1,0,-9.531115273951663
1,1,-13.632308330469055
1,2,-13.75593107957681
1,3,-13.662318805964013
1,4,-13.86773152282687
1,5,-13.340187492254904
1,6,-12.535407267564109
1,7,-11.925868913814082
1,8,-11.36087102991309
1,9,-10.893977259145817
1,10,-10.403222180522263
1,11,-9.718495692666801
1,12,-9.159279874799381
1,13,-8.817436713881374
1,14,-8.4252753131661
1,15,-8.151140295638616
1,16,-8.17640706487358
1,17,-8.118519312050582
1,18,-7.800888996799306
1,19,-7.534581952790349
1,20,-7.18989213606139
1,21,-6.125166113912647
1,22,-4.455663805559105
1,23,-3.3471889548523457
1,24,-3.324711046183179
1,25,-3.411078863908119
1,26,-2.912517236451232
1,27,-2.5246256199623023
1,28,-2.7212192060645615
1,29,-2.9335887325041816
1,30,-2.8208699405346356
1,31,-2.5846534860829107
1,32,-2.3279040506798157
1,33,-2.2490579255319925
1,34,-2.5195431121855947
1,35,-2.7989754741459527
1,36,-2.9164188839260596
1,37,-3.1778141724028486
1,38,-3.422140461554945
1,39,-3.276995575612277
1,40,-3.1430027168832417
1,41,-3.369492828964198
1,42,-3.4176163843630945
1,43,-2.9652074594119933
1,44,-2.456023732490189
1,45,-2.0526224693147697
1,46,-1.3945753404030135
1,47,-0.34880831243181754
1,48,0.8894332963086464
1,49,1.9460314660555753
1,50,2.2593026334009094
2,0,-8.272468642545798
2,1,-11.371716401712996
2,2,-11.100746155113361
2,3,-10.861848462643419
2,4,-10.756772653122509
2,5,-10.275409376992389
2,6,-9.827466718686209
2,7,-9.093654063130227
2,8,-8.161823457023551
2,9,-7.660654783380712
2,10,-7.159841609020988
2,11,-6.433604127389072
2,12,-6.069496176422736
2,13,-5.822274225267665
2,14,-5.481150212058353
2,15,-5.738653285684825
2,16,-6.273330303391706
2,17,-6.153197188938988
2,18,-5.811970842542854
2,19,-5.7029499883947965
2,20,-5.148072144331267
2,21,-3.934554545123436
2,22,-2.7151167358339414
2,23,-2.0800891709009477
2,24,-2.1617226464665973
2,25,-2.2040736461507544
2,26,-1.524779549088205
2,27,-1.0416955590899784
2,28,-1.527203310464649
2,29,-1.9273893388517052
2,30,-1.6507902539179669
2,31,-1.4624537640502029
2,32,-1.3422590516132205
2,33,-0.9371824459691687
2,34,-0.9614928107517605
2,35,-1.6054507637384392
2,36,-2.0799730920957122
2,37,-2.3876881056220354
2,38,-2.804591133786484
2,39,-2.858861071810684
2,40,-2.651832090693183
2,41,-2.8236763015330677
2,42,-2.9486578601202473
2,43,-2.4461205448050585
2,44,-1.8699623661540141
2,45,-1.5208857624791048
2,46,-0.8507662959096969
2,47,0.12187629045728629
2,48,0.9824271229296428
2,49,1.914844810151489
2,50,2.798941598246595
3,0,-9.204137236464748
3,1,-11.492739953434354
3,2,-11.30985166388311
3,3,-10.847991491509472
3,4,-9.901056360814
3,5,-9.04961129016074
3,6,-8.92397477673807
3,7,-8.411992964042096
3,8,-7.391846781519281
3,9,-6.717084758381017
3,10,-5.981294081686612
3,11,-5.193921830453335
3,12,-5.1877742089779755
3,13,-5.382161761074745
3,14,-5.197509893637187
3,15,-5.463930278342393
3,16,-6.064611803199991
3,17,-6.0331651849928685
3,18,-5.681917663207804
3,19,-5.394366540785323
3,20,-4.64935966519214
3,21,-3.516152471062926
3,22,-2.588038377559455
3,23,-2.1021196956497827
3,24,-2.1310420428478096
3,25,-2.2074305273648984
3,26,-1.7166890827762957
3,27,-1.2693819248944178
3,28,-1.5350181936396687
3,29,-1.8139943733258184
3,30,-1.6949018993068503
3,31,-1.6569738460409213
3,32,-1.507700300426837
3,33,-0.9828917866986161
3,34,-0.831432071159173
3,35,-1.4091097589611854
3,36,-2.081731991151542
3,37,-2.4770018992849905
3,38,-2.6424224678183355
3,39,-2.643074100827849
3,40,-2.7758935615709435
3,41,-3.12693750977173
3,42,-3.160231566111115
3,43,-2.6149432228642104
3,44,-2.006258978536865
3,45,-1.7001273395665202
3,46,-1.3503697571542699
3,47,-0.6130875487928557
3,48,0.35024080010000225
3,49,1.3849152503168392
3,50,2.4305805506069578
4,0,-10.007083030970195
4,1,-11.791159218317615
4,2,-11.456747541576888
4,3,-10.797515659119671
4,4,-9.392444760029733
4,5,-8.230216203814253
4,6,-8.316458025455372
4,7,-8.202706038202269
4,8,-7.237815692354492
4,9,-6.3202638303819185
4,10,-5.349188453492898
4,11,-4.491650508788433
4,12,-4.751485383156672
4,13,-5.454342977190593
4,14,-5.485161657520997
4,15,-5.540924243279434
4,16,-6.010149042396555
4,17,-6.095918778533852
4,18,-5.8119553592719235
4,19,-5.524140542295738
4,20,-4.863476248196332
4,21,-3.7791335485084856
4,22,-2.7213389083748343
4,23,-1.9880990128737928
4,24,-1.8357727441332452
4,25,-2.010845279026301
4,26,-1.8158616246502581
4,27,-1.4589998479083066
4,28,-1.5622107003596815
4,29,-1.778408322020721
4,30,-1.6935202788185493
4,31,-1.5655725511966656
4,32,-1.4086422260481075
4,33,-1.1602708626472544
4,34,-1.250500375310792
4,35,-1.7750052302595434
4,36,-2.262325160902017
4,37,-2.46987148263728
4,38,-2.445969947817852
4,39,-2.368878399051673
4,40,-2.5602465469354327
4,41,-2.9265797324917058
4,42,-2.882807629419567
4,43,-2.306501606961136
4,44,-1.7656232260443592
4,45,-1.59367261736319
4,46,-1.4186374296515198
4,47,-0.7799674855383643
4,48,0.24979697455261254
4,49,1.3269469415462656
4,50,2.2030060138828196
5,0,-8.688402203014087
5,1,-9.818356332684624
5,2,-9.238414414254134
5,3,-8.594593666911278
5,4,-7.282968386636219
5,5,-6.174776826904343
5,6,-6.340552927137847
5,7,-6.361416231182683
5,8,-5.3695330458003125
5,9,-4.291674169732699
5,10,-3.39803184692521
5,11,-2.8283310543462834
5,12,-3.238943019490446
5,13,-4.052314242299395
5,14,-4.358283714851444
5,15,-4.547902220749808
5,16,-4.847643715611515
5,17,-4.923698190140908
5,18,-4.966981854798834
5,19,-4.839347944480803
5,20,-4.018223548978479
5,21,-2.932793162959112
5,22,-2.1065263590592624
5,23,-1.4120850304055357
5,24,-1.1357260749028775
5,25,-1.3640506379063426
5,26,-1.3330239648259234
5,27,-1.1161537655254952
5,28,-1.3717820829177467
5,29,-1.4984929884632727
5,30,-0.9557921860203166
5,31,-0.5632480501463779
5,32,-0.6774837035108395
5,33,-0.8087886275415941
5,34,-1.0731503787789263
5,35,-1.6188760938383362
5,36,-1.9810604388133044
5,37,-2.1008779824601707
5,38,-2.183399579607065
5,39,-2.0260186884541316
5,40,-1.7854819012777892
5,41,-1.871111193586194
5,42,-1.8914851409375082
5,43,-1.489489289261693
5,44,-1.2086615605353128
5,45,-1.1799998627398736
5,46,-0.757087810243968
5,47,0.05767662105371132
5,48,0.8093314313982354
5,49,1.6124043473310063
5,50,2.3555484493013434
6,0,-8.114857772929264
6,1,-9.227199672895694
6,2,-8.781188426966878
6,3,-8.350163048570508
6,4,-7.148474641428148
6,5,-5.8397656987423625
6,6,-5.69110983656639
6,7,-5.639801921491385
6,8,-4.693225565102036
6,9,-3.630655926300733
6,10,-2.961298810809734
6,11,-2.69650420215834
6,12,-3.060365517156364
6,13,-3.670858521919451
6,14,-3.9644575615253825
6,15,-4.112289972379163
6,16,-4.325948018071322
6,17,-4.641793569685238
6,18,-5.013117264121134
6,19,-4.750545916905662
6,20,-3.56100533454777
6,21,-2.50263591168039
6,22,-2.1383020874494982
6,23,-1.871772345547272
6,24,-1.6867570280471986
6,25,-1.826486158308946
6,26,-1.8035342666459495
6,27,-1.632120668671522
6,28,-1.7706912380413045
6,29,-1.693289516935428
6,30,-1.0479566168077985
6,31,-0.6982713587990378
6,32,-0.9198077554536168
6,33,-1.017096665713001
6,34,-1.0433934710770638
6,35,-1.4976044205746972
6,36,-2.1140035202401357
6,37,-2.4643651735405725
6,38,-2.505723763308937
6,39,-2.22809323894093
6,40,-1.8494390633960776
6,41,-1.7480129722644135
6,42,-1.7574431790162106
6,43,-1.5627688149643986
6,44,-1.3926660128675672
6,45,-1.2700771195878322
6,46,-0.6821033245556152
6,47,0.31541343759546897
6,48,1.1485191463885696
6,49,1.8221799887586654
6,50,2.4388088749108467
7,0,-7.821488728061764
7,1,-9.408046660498162
7,2,-8.994588034450784
7,3,-8.67177916341269
7,4,-7.596441120645689
7,5,-6.016763916009401
7,6,-5.504772128602415
7,7,-5.449239538398418
7,8,-4.787594090249176
7,9,-4.084697533378706
7,10,-3.5757588278752714
7,11,-3.0779349622206573
7,12,-3.1418565705562576
7,13,-3.5929886927729267
7,14,-3.493769263724217
7,15,-3.1845592013421693
7,16,-3.5912355517117294
7,17,-4.460801926888185
7,18,-4.93560486021622
7,19,-4.523284615022394
7,20,-3.383215196515592
7,21,-2.3945845947508344
7,22,-2.1395321194535537
7,23,-2.18014734750759
7,24,-2.114403443418328
7,25,-2.071798034979582
7,26,-1.971368385733754
7,27,-1.6928221064162783
7,28,-1.4855318196802583
7,29,-1.4107036525121721
7,30,-1.3180574594723293
7,31,-1.3456580694893785
7,32,-1.5121319707380525
7,33,-1.4925291070749545
7,34,-1.3985518811022435
7,35,-1.7600742417211883
7,36,-2.476713649206733
7,37,-2.8592679686816447
7,38,-2.7348136462589863
7,39,-2.542643518066041
7,40,-2.4818048447731793
7,41,-2.394278350468393
7,42,-2.2137822962330542
7,43,-1.9505266586286496
7,44,-1.6107066190066703
7,45,-1.2649228521164542
7,46,-0.7923745526950848
7,47,0.06029656358832446
7,48,1.1195680664295387
7,49,1.9729002069502344
7,50,2.550341964297551
8,0,-6.218394585013773
8,1,-7.840252508490489
8,2,-7.013620237174147
8,3,-6.62437988183338
8,4,-5.960285836294681
8,5,-4.709873934489208
8,6,-4.3444936347699405
8,7,-4.403557974872834
8,8,-3.934230679211437
8,9,-3.5719480113349578
8,10,-3.1845883607652765
8,11,-2.319093161449379
8,12,-2.0439012486456156
8,13,-2.443956808305939
8,14,-2.126364532119561
8,15,-1.5084657375748434
8,16,-1.9542463596803656
8,17,-2.9434171479074798
8,18,-3.425498285112413
8,19,-3.303930727947447
8,20,-2.6175623973609
8,21,-1.7471201120917392
8,22,-1.4279578729613607
8,23,-1.4750167435350103
8,24,-1.2821370986234426
8,25,-1.002417364530061
8,26,-0.8317310326209968
8,27,-0.6139805007662239
8,28,-0.4905148007338144
8,29,-0.5896549705999894
8,30,-0.7242851450454056
8,31,-0.9071661227675626
8,32,-1.186350036380108
8,33,-1.3878691777912406
8,34,-1.608051856582282
8,35,-2.029254741259527
8,36,-2.3852848958469
8,37,-2.473093159369685
8,38,-2.5099957591285325
8,39,-2.5983587896880014
8,40,-2.6160564689037358
8,41,-2.5123339291037303
8,42,-2.248134408213396
8,43,-1.8080428412680831
8,44,-1.2970743717200313
8,45,-0.7826393542136746
8,46,-0.2682520997176878
8,47,0.27221520128658927
8,48,0.9747042590450642
8,49,1.8022578373825517
8,50,2.403166864119277
9,0,-5.179662147327934
9,1,-6.574202837074133
9,2,-5.430165784891025
9,3,-4.998359439414167
9,4,-4.7547959786524885
9,5,-4.0387628075482445
9,6,-4.020960254544668
9,7,-4.241683229966099
9,8,-3.769536653207786
9,9,-3.3330081386614925
9,10,-2.944664472191379
9,11,-2.079471799994718
9,12,-1.7106413033358074
9,13,-2.0594891618771825
9,14,-1.8117768026136356
9,15,-1.1853569859839082
9,16,-1.315863891985562
9,17,-1.7963820645864428
9,18,-2.073293601483704
9,19,-2.33837991074712
9,20,-2.2197076588933977
9,21,-1.5678035089444318
9,22,-1.1707928415526083
9,23,-1.1277304784567648
9,24,-0.8500563575395089
9,25,-0.45298748090984403
9,26,-0.26895037174878805
9,27,-0.25128078878662286
9,28,-0.3980177528671597
9,29,-0.5866778317584528
9,30,-0.6227621745006988
9,31,-0.6977585912254111
9,32,-0.9193840716937769
9,33,-1.1698315382732862
9,34,-1.606685983155668
9,35,-2.1564608589868506
9,36,-2.386083405134943
9,37,-2.455721960450833
9,38,-2.6898808045090625
9,39,-2.75218626947063
9,40,-2.535075333304005
9,41,-2.402536474980548
9,42,-2.2234126591081145
9,43,-1.7388350826724543
9,44,-1.1426469761479812
9,45,-0.5193379068563909
9,46,0.06955445037110852
9,47,0.3914675525006202
9,48,0.7028967807813468
9,49,1.2598839460188922
9,50,1.6064561422624257
10,0,-4.904606639627893
10,1,-6.119759325596326
10,2,-4.9776101005512245
10,3,-4.5976178880315715
10,4,-4.590578228071282
10,5,-4.148682791314243
10,6,-4.162691722533952
10,7,-4.393824637686331
10,8,-4.078521056362485
10,9,-3.678167728929258
10,10,-3.184867775986675
10,11,-2.3172598331602554
10,12,-1.97170917765601
10,13,-2.1954506533202025
10,14,-1.8024614246602564
10,15,-1.1698451392339024
10,16,-1.2847642991048691
10,17,-1.4552359703041433
10,18,-1.257360029858907
10,19,-1.4672857253946283
10,20,-1.8262961810809533
10,21,-1.5309255467181786
10,22,-1.079968186128242
10,23,-1.0509909831446074
10,24,-1.084144832044299
10,25,-0.9649952147350301
10,26,-0.7835645471277337
10,27,-0.5396586912162948
10,28,-0.4958529615712787
10,29,-0.8375109650128604
10,30,-1.1989068255935522
10,31,-1.313766363241491
10,32,-1.3362808260394066
10,33,-1.4033554640101091
10,34,-1.6003528651464995
10,35,-2.0377024069471794
10,36,-2.647041732278451
10,37,-3.131119627708597
10,38,-3.1576793568080337
10,39,-2.7739151873331735
10,40,-2.4486374052177493
10,41,-2.321376177591674
10,42,-2.052568374260688
10,43,-1.561532748075118
10,44,-0.9974361045945618
10,45,-0.43751617804621484
10,46,-0.12919400766743805
10,47,-0.013020384055983969
10,48,0.4511647654507484
10,49,1.0235136066996633
10,50,1.0598553001297215
11,0,-3.7493936663107092
11,1,-4.493665454062354
11,2,-3.3011925107964517
11,3,-3.0558430726335812
11,4,-3.384749191815157
11,5,-3.2728219346386487
11,6,-3.218439675807676
11,7,-3.245358509457756
11,8,-3.1376638519249878
11,9,-3.1574398096806853
11,10,-2.7562659803624205
11,11,-1.6939569374857497
11,12,-1.1664017302550715
11,13,-1.185327374586448
11,14,-0.5214059828280374
11,15,0.18075752452973007
11,16,-0.1983034551354371
11,17,-0.6085648127037094
11,18,-0.24464080920863537
11,19,-0.09968566830523191
11,20,-0.4657881069447148
11,21,-0.5899022006839412
11,22,-0.4962977301019941
11,23,-0.6133314244932935
11,24,-0.9232391799363955
11,25,-1.2029255233608669
11,26,-1.01228720885123
11,27,-0.2858288166859253
11,28,0.056736277525084755
11,29,-0.43703424388185685
11,30,-0.9477511630653885
11,31,-1.1305603237549324
11,32,-1.5227924523357481
11,33,-1.9507883270520525
11,34,-1.8812728268305088
11,35,-1.854358431388156
11,36,-2.5256850754056877
11,37,-3.2084825948954823
11,38,-2.9986242510490926
11,39,-2.31825959546721
11,40,-1.9817022219352434
11,41,-1.8190388565041669
11,42,-1.4118815878721682
11,43,-0.9341634046339932
11,44,-0.4914431655155406
11,45,-0.08443981410624633
11,46,-0.05461716967000883
11,47,-0.13504905473930556
11,48,0.4656805555987644
11,49,1.257218231659886
11,50,1.3935822986132
12,0,-2.5778540470398608
12,1,-2.8541025177994137
12,2,-1.6339698902549902
12,3,-1.5653630036297268
12,4,-2.2495089523337835
12,5,-2.562880911930621
12,6,-2.6751576327373288
12,7,-2.5827444230328767
12,8,-2.3668118497704747
12,9,-2.4543624015902377
12,10,-2.226676842661787
12,11,-1.2292651011480544
12,12,-0.5223030450750344
12,13,-0.36216475992220465
12,14,0.26146475712776607
12,15,0.9920600691418663
12,16,0.7905969268888433
12,17,0.23143888331767826
12,18,0.22717557345131478
12,19,0.46021560356171193
12,20,0.36813284305927657
12,21,-0.055626794127097194
12,22,-0.4485459453227461
12,23,-0.5227087425591014
12,24,-0.5997489195591555
12,25,-0.9026809724049272
12,26,-0.7884205826575647
12,27,-0.1602009670175867
12,28,0.0342537079734132
12,29,-0.20976703135685024
12,30,-0.12064375032693345
12,31,-0.21010356259014495
12,32,-1.2190474630911594
12,33,-2.2369034604261357
12,34,-2.297196653513328
12,35,-2.0322819884751975
12,36,-2.2370283150068917
12,37,-2.5346528324791153
12,38,-2.3054327120945133
12,39,-1.7600452191744391
12,40,-1.4698346132344584
12,41,-1.429837907605139
12,42,-1.2386823298164003
12,43,-0.775534259833644
12,44,-0.1370711032097692
12,45,0.4375176844088903
12,46,0.5432043468821119
12,47,0.3952549827288164
12,48,0.7357838105799033
12,49,1.372123437002442
12,50,1.7276583019624983
13,0,-1.8491433225470497
13,1,-2.2406386490529107
13,2,-1.3968364244982356
13,3,-1.3865037387053338
13,4,-2.0191254481949974
13,5,-2.6186824017804424
13,6,-3.0993053263216153
13,7,-3.1000484893772384
13,8,-2.651255791298922
13,9,-2.3112054231315438
13,10,-1.9385452611661358
13,11,-1.2666755201549136
13,12,-0.7678952850443466
13,13,-0.5509524683092245
13,14,-0.10983311506727422
13,15,0.4930858334516945
13,16,0.7338463176105928
13,17,0.5195139874274601
13,18,0.21401503677695294
13,19,0.11197733284920419
13,20,-0.030497022879164327
13,21,-0.5109463143663414
13,22,-0.789145508952509
13,23,-0.419151305894653
13,24,-0.13225940274404793
13,25,-0.3629097158269001
13,26,-0.4547381342232259
13,27,-0.3146568372188517
13,28,-0.3738369040065178
13,29,-0.23694455411440862
13,30,0.22511695347856908
13,31,0.08485412105459494
13,32,-0.8382452221752598
13,33,-1.6407130007860453
13,34,-1.9931240172305529
13,35,-2.165598777651767
13,36,-2.1721482502406566
13,37,-1.954853797073219
13,38,-1.5782818776058112
13,39,-1.2454108416752705
13,40,-1.3215025225089865
13,41,-1.6927614582514208
13,42,-1.6395460820061252
13,43,-0.8637041314761343
13,44,0.22442960205364343
13,45,1.0988770920655864
13,46,1.3951999263789752
13,47,1.2337749250815717
13,48,1.149929847529426
13,49,1.296975717668115
13,50,1.6534087764910042
14,0,-0.45973425141968244
14,1,-1.0931398504879728
14,2,-0.7390749441795939
14,3,-0.694191253272066
14,4,-1.050308749310788
14,5,-1.8614997573000696
14,6,-2.780016527725514
14,7,-2.9443341004650834
14,8,-2.437670088834414
14,9,-1.892712901756921
14,10,-1.3579640006309244
14,11,-0.8839156936803907
14,12,-0.6492668165114113
14,13,-0.4379415670042503
14,14,-0.1226880782343493
14,15,0.24350040499861586
14,16,0.6941291139773029
14,17,0.8533648124023552
14,18,0.4428409405834086
14,19,0.026162357039297306
14,20,-0.19109079723835595
14,21,-0.5450267265423185
14,22,-0.5063173896026301
14,23,0.218867255309901
14,24,0.505553015968892
14,25,0.028421616336846547
14,26,-0.1660901210628507
14,27,-0.0008762114335696546
14,28,-0.007383175679231189
14,29,0.1088931253872813
14,30,0.2517200197930499
14,31,-0.13596733851877238
14,32,-0.5959902115934717
14,33,-0.7243394119797076
14,34,-1.1100798724421248
14,35,-1.720445827694603
14,36,-1.8246128646442275
14,37,-1.4185439719034676
14,38,-0.8974919029533402
14,39,-0.6554690973317112
14,40,-1.1579209805552206
14,41,-1.8204538861175317
14,42,-1.362951830802828
14,43,-0.006661903617752499
14,44,1.0714750556852766
14,45,1.7274182696851428
14,46,2.1417205373980646
14,47,1.9986623539977446
14,48,1.4994571458076988
14,49,1.2958600936180058
14,50,1.6149554958980923
15,0,0.691802394515049
15,1,0.25783764606098836
15,2,0.5351264075835848
15,3,0.4375222629190578
15,4,0.06552516278510769
15,5,-0.7018042713855088
15,6,-1.7455480851827407
15,7,-2.149712344992039
15,8,-1.778923890447885
15,9,-1.3687829401181035
15,10,-1.115432404653368
15,11,-0.8057822742594895
15,12,-0.45288987058163993
15,13,-0.19774518698697624
15,14,-0.07703538365389846
15,15,0.23657646395654605
15,16,0.8296056221619502
15,17,0.8617782932803568
15,18,0.0898535987180407
15,19,-0.3558839737618514
15,20,-0.24507610476157474
15,21,-0.3958616623441842
15,22,-0.3992281942138885
15,23,0.1833767401034324
15,24,0.23271755231833555
15,25,-0.4178553898832018
15,26,-0.4433731018268494
15,27,0.09676475016649673
15,28,0.2828493072159791
15,29,0.3126842472300866
15,30,0.2439503478454703
15,31,-0.2978908176647213
15,32,-0.717057958088724
15,33,-0.661416263559144
15,34,-0.8388980016032271
15,35,-1.1674868220571608
15,36,-0.9940551643325946
15,37,-0.6206457420589477
15,38,-0.3845075799332835
15,39,-0.27850374399642847
15,40,-0.7058683282079532
15,41,-1.210120357888178
15,42,-0.4810574729946388
15,43,0.995357815477786
15,44,1.6941947186895896
15,45,1.8879268141245311
15,46,2.277130528797121
15,47,2.1907602425094774
15,48,1.4876071483015338
15,49,1.1254088407923664
15,50,1.353601048327717
16,0,0.7956049281108072
16,1,0.5812720986787644
16,2,0.881191459065296
16,3,0.475061325125946
16,4,-0.07723306112435974
16,5,-0.38474619606927274
16,6,-0.944217783987443
16,7,-1.480838828113503
16,8,-1.4133670858687828
16,9,-1.2062513781633482
16,10,-1.3322781135315518
16,11,-1.289610765484343
16,12,-0.8069562940646124
16,13,-0.48032574561572566
16,14,-0.4410896184796136
16,15,-0.01743272966977689
16,16,0.5823602480352345
16,17,0.2252227841824667
16,18,-0.87664142433144
16,19,-1.3164141273197283
16,20,-1.0347374108191831
16,21,-0.919906047190853
16,22,-0.8006497210421195
16,23,-0.457100082783782
16,24,-0.5730049891582478
16,25,-1.0178582735922506
16,26,-0.8866483283533904
16,27,-0.35420313934717934
16,28,-0.009452371964638353
16,29,0.23268820623811046
16,30,0.18908306373935735
16,31,-0.39908670082699843
16,32,-0.921639871884727
16,33,-1.007162485760274
16,34,-1.0053329685335641
16,35,-0.7748152417959453
16,36,-0.1667381247606851
16,37,0.14848959662214303
16,38,-0.011585659889329969
16,39,-0.09772375487318753
16,40,-0.16530717499976919
16,41,-0.3093633206168043
16,42,0.08329116446853019
16,43,0.9891306958722123
16,44,1.6118072061968853
16,45,1.8709310092599263
16,46,2.0353246290546982
16,47,1.8049805266568921
16,48,1.1680237677513736
16,49,0.7118984462211623
16,50,0.7175877482195194
17,0,1.0527911717202936
17,1,0.6972469639836341
17,2,0.6452914066589912
17,3,0.06044475176884415
17,4,-0.3878200951437923
17,5,-0.3793200135511027
17,6,-0.5068434764222605
17,7,-0.7806586295403016
17,8,-0.8406928185172027
17,9,-0.9176611699827559
17,10,-1.1815800338155937
17,11,-1.2436798546942018
17,12,-0.9484450738292741
17,13,-0.6336117741180602
17,14,-0.42592092885794336
17,15,-0.14960672297720395
17,16,0.012374571588700572
17,17,-0.3772276344951283
17,18,-1.134637245817558
17,19,-1.5712454397169817
17,20,-1.481799889509858
17,21,-1.1401836284368765
17,22,-0.6983123840091546
17,23,-0.3587626859714703
17,24,-0.4028661731423763
17,25,-0.6374937444141903
17,26,-0.6251544901660411
17,27,-0.3106843017926746
17,28,0.11528622541976317
17,29,0.3740314169123485
17,30,0.13652540489111004
17,31,-0.4314021216685116
17,32,-0.7556327628265965
17,33,-0.7387616671252708
17,34,-0.591233840193518
17,35,-0.1786584618944706
17,36,0.44824046099234915
17,37,0.7424108716473052
17,38,0.5506905745205961
17,39,0.3324368477233475
17,40,0.3365373224825801
17,41,0.40098402828575175
17,42,0.4670983973870318
17,43,0.7612083508038592
17,44,1.4053566350041706
17,45,2.00840368267614
17,46,2.017173885426089
17,47,1.4785283130883804
17,48,0.8953992284598795
17,49,0.5214466190958017
17,50,0.42027075520294066
18,0,1.169640884090994
18,1,0.7229279619671074
18,2,0.46836982089846874
18,3,-0.09689675621026704
18,4,-0.2967542471438717
18,5,-0.41337781763932624
18,6,-0.8241793904173214
18,7,-0.8401358055907323
18,8,-0.5514625907039868
18,9,-0.7724333218334465
18,10,-1.16138079112568
18,11,-1.1392570088545826
18,12,-0.9657368655108478
18,13,-0.7106764745028978
18,14,-0.3945269485905839
18,15,-0.4917913744443854
18,16,-0.8514823971191018
18,17,-0.9381168579610507
18,18,-0.9992575012247059
18,19,-1.1905979038806163
18,20,-1.0906545256679028
18,21,-0.8104426418471962
18,22,-0.6164662038022702
18,23,-0.24921513019966474
18,24,0.07430239103068069
18,25,-0.12690955590045053
18,26,-0.3411589789344888
18,27,-0.00972584541533149
18,28,0.3750844192703002
18,29,0.3075457936716388
18,30,-0.10122888376504571
18,31,-0.5817223850951416
18,32,-0.7457851407794656
18,33,-0.40823149715187057
18,34,0.036975570286774014
18,35,0.36293330423814674
18,36,0.7912430441340518
18,37,1.1723590820122864
18,38,1.1270497505585444
18,39,0.8478592386665907
18,40,0.7597256633762586
18,41,0.8313883542452611
18,42,0.8040030409573089
18,43,0.7751325041477858
18,44,1.1151528681378526
18,45,1.6909427690512124
18,46,1.7953448440197362
18,47,1.2726819908081914
18,48,0.7663360628054982
18,49,0.5789251033979856
18,50,0.4967626361894481
19,0,0.20674008162024948
19,1,-0.04787664300159557
19,2,0.16011892463999722
19,3,-0.32299812862862526
19,4,-0.5358181955026663
19,5,-0.6708987827082726
19,6,-1.3798021652856247
19,7,-1.580432424837392
19,8,-1.0954270786766012
19,9,-1.2263661764059959
19,10,-1.70710263498869
19,11,-1.630465715460871
19,12,-1.3945144535618823
19,13,-1.1545896080689686
19,14,-0.785984901579907
19,15,-0.9515354341812035
19,16,-1.5026243630434137
19,17,-1.5158481911509336
19,18,-1.2692727988705947
19,19,-1.1944967241004707
19,20,-0.9869563772940549
19,21,-1.002345162276362
19,22,-1.3344241407243573
19,23,-0.9822684933314612
19,24,-0.2530951127634012
19,25,-0.40463176000111584
19,26,-0.819935974155059
19,27,-0.4692435644852165
19,28,-0.02704167891931749
19,29,-0.09879166134023379
19,30,-0.4377667708724038
19,31,-0.967196857728143
19,32,-1.2217944858799104
19,33,-0.6255027376500043
19,34,0.16066953572621365
19,35,0.46092892334271474
19,36,0.7453362771381267
19,37,1.1430584059317082
19,38,1.1615970049373212
19,39,0.9872735192677058
19,40,1.0337475008247214
19,41,1.0546556208126734
19,42,0.7623086154535623
19,43,0.3945390266128304
19,44,0.3733917424335171
19,45,0.7184546105975244
19,46,0.9626586469747888
19,47,0.8731979300083824
19,48,0.6862326761093586
19,49,0.49868162892689416
19,50,0.3803665973229744
20,0,-0.6154065667962503
20,1,-0.7959080839241465
20,2,-0.08093640466098415
20,3,-0.45091312245347354
20,4,-0.77239716763116
20,5,-0.5951499427242826
20,6,-0.9650770803599641
20,7,-1.4035555297430966
20,8,-1.399370226460448
20,9,-1.7090246475260185
20,10,-2.067219786567235
20,11,-1.8651947035238114
20,12,-1.7111299585062398
20,13,-1.5938195578016334
20,14,-1.0353340169710137
20,15,-0.8509081109405324
20,16,-1.3655435720935933
20,17,-1.589251996735949
20,18,-1.4508282641230674
20,19,-1.4542976145858302
20,20,-1.4046044909371809
20,21,-1.475577286744277
20,22,-1.773184859613204
20,23,-1.4319704060103602
20,24,-0.6413385806489247
20,25,-0.7319650673032385
20,26,-1.3713771293490884
20,27,-1.2332459083951914
20,28,-0.5182668412296909
20,29,-0.19363676246131079
20,30,-0.5351328054743262
20,31,-1.212714564136399
20,32,-1.441601396149678
20,33,-0.7863609120697813
20,34,0.05602244553456024
20,35,0.4408383545609704
20,36,0.6195414599918846
20,37,0.7737448337633958
20,38,0.8154850591596289
20,39,0.9442593929863508
20,40,1.1991860031415296
20,41,1.1673032248013189
20,42,0.6441584361348828
20,43,-0.00012461887117173052
20,44,-0.2361850234552526
20,45,-0.002203706530583385
20,46,0.3410980363458964
20,47,0.6115540091213186
20,48,0.6940152956583594
20,49,0.41902732939313475
20,50,0.2569572147356828
21,0,-0.7889132070432046
21,1,-1.1612644142104247
21,2,-0.40810741185097377
21,3,-0.5911540958412802
21,4,-0.7313528336288136
21,5,-0.3549278887712692
21,6,-0.49068767191613083
21,7,-0.931426511441537
21,8,-1.331331443682332
21,9,-2.016628805508419
21,10,-2.2919447333907104
21,11,-1.8531431870194934
21,12,-1.7924260821438198
21,13,-1.9550268525594061
21,14,-1.4268887608741558
21,15,-1.009624300901434
21,16,-1.3593051597791557
21,17,-1.63796316596305
21,18,-1.6795582198828607
21,19,-1.87166660487267
21,20,-1.8201114427569507
21,21,-1.5423102355416591
21,22,-1.476217296113591
21,23,-1.1859526128617501
21,24,-0.6270857109843003
21,25,-0.790918160541056
21,26,-1.5717028942751239
21,27,-1.6751580203134175
21,28,-0.9041139173177067
21,29,-0.34602659084565074
21,30,-0.6569896267654781
21,31,-1.2931271374058813
21,32,-1.3374789742143676
21,33,-0.7271090720633124
21,34,-0.07114156597903543
21,35,0.41088627583279186
21,36,0.7293036256509671
21,37,0.7504692118504286
21,38,0.7558839290332006
21,39,1.0852971245995913
21,40,1.334903680715309
21,41,1.1278333180217806
21,42,0.713594028063193
21,43,0.3006515248019303
21,44,0.027192919851484833
21,45,0.1496976877833638
21,46,0.501910758553575
21,47,0.7065088267753175
21,48,0.7272694949293002
21,49,0.5510164382960065
21,50,0.30337904703408214
22,0,-1.284424493932184
22,1,-1.7917517366525741
22,2,-1.051462467144775
22,3,-0.9706202299382681
22,4,-0.8398132293742556
22,5,-0.6563622735303799
22,6,-1.149734106941837
22,7,-1.5376762675665547
22,8,-1.6213864985628101
22,9,-2.173416617869159
22,10,-2.5020605139236474
22,11,-2.044672365604583
22,12,-1.860961451087179
22,13,-2.088754153698319
22,14,-1.94514828522262
22,15,-1.8134956502211428
22,16,-2.056496031690087
22,17,-2.2294698655333693
22,18,-2.3919802419670693
22,19,-2.528576154665886
22,20,-2.132501060394051
22,21,-1.5586057896681524
22,22,-1.3178736664171458
22,23,-0.9919369869520849
22,24,-0.6814446953089149
22,25,-1.10062009775345
22,26,-1.8898234277473496
22,27,-2.147710822629718
22,28,-1.7365843159808232
22,29,-1.1358642369734488
22,30,-1.035524951497175
22,31,-1.4856969463980858
22,32,-1.539716050016183
22,33,-0.9156366444040531
22,34,-0.34049365231032946
22,35,0.17790597971285427
22,36,0.852181432366185
22,37,1.0831536753015794
22,38,0.9719407405175581
22,39,1.2428409698744929
22,40,1.3974806159725046
22,41,0.9295607359611229
22,42,0.6329064931417804
22,43,0.7630157352330821
22,44,0.7560406639279661
22,45,0.7606856905397414
22,46,0.9081911062465085
22,47,0.7871872183134455
22,48,0.5933396610050193
22,49,0.5459622019588845
22,50,0.2504169566113374
23,0,-1.6004611416645036
23,1,-2.1697434607194324
23,2,-1.3508626255125797
23,3,-1.010087726110384
23,4,-0.9071824925920083
23,5,-1.1981729086468198
23,6,-2.0043439073020184
23,7,-2.142870916257321
23,8,-1.6389084554114934
23,9,-1.712423140237687
23,10,-2.0167644230909407
23,11,-1.7924381181139613
23,12,-1.5649131198287163
23,13,-1.5951728222565995
23,14,-1.6391141477559832
23,15,-1.9254989581846889
23,16,-2.36583750635099
23,17,-2.5815378222883054
23,18,-2.7062983902328
23,19,-2.6113116099805116
23,20,-2.0478369864610726
23,21,-1.5693937574183507
23,22,-1.3779461442285303
23,23,-1.034383767410536
23,24,-0.9576635914418318
23,25,-1.6150191592679004
23,26,-2.343045603965456
23,27,-2.6733758433021215
23,28,-2.6269898970979733
23,29,-2.055623094360504
23,30,-1.5276555148309947
23,31,-1.687035654517227
23,32,-1.7244492479888043
23,33,-1.101914538725797
23,34,-0.5527886457771454
23,35,-0.030866192174413734
23,36,0.8240088974803228
23,37,1.1931860635187461
23,38,1.002123190018796
23,39,1.1964874556184237
23,40,1.33189170875253
23,41,0.7778240972566107
23,42,0.5105225494519545
23,43,0.8742042580814188
23,44,0.9920710923226046
23,45,0.9252143186618482
23,46,1.0115736745908936
23,47,0.7706050846007911
23,48,0.3399316972156821
23,49,0.31413407924048825
23,50,0.4187321585988222
24,0,-1.244622859644614
24,1,-2.0361099559550833
24,2,-1.3689434226041286
24,3,-0.9068766783018204
24,4,-0.9580454390380155
24,5,-1.6971844305797292
24,6,-2.562384112402537
24,7,-2.2145580825612234
24,8,-1.198457134091773
24,9,-1.088465004251615
24,10,-1.4666720225565804
24,11,-1.3859537083822593
24,12,-1.2716059504845545
24,13,-1.3201297322738599
24,14,-1.2630170839026331
24,15,-1.498378999831411
24,16,-2.0683977890794263
24,17,-2.3297849551825665
24,18,-2.2129630831867106
24,19,-1.9097863197645648
24,20,-1.4391843340181585
24,21,-1.2134454056872395
24,22,-1.3655997456469726
24,23,-1.43034395586316
24,24,-1.5266871352304703
24,25,-1.9941256496387716
24,26,-2.4660977873172047
24,27,-2.7445078381231234
24,28,-2.9390962583620346
24,29,-2.774917580918607
24,30,-2.3169878876158227
24,31,-1.9532487379313437
24,32,-1.4698465535542484
24,33,-0.8937471812145877
24,34,-0.6391713482203575
24,35,-0.1851186933031928
24,36,0.7522527766312999
24,37,1.1655261907207313
24,38,0.9992933761292971
24,39,1.1849166212221975
24,40,1.273703140502077
24,41,0.7894728800670783
24,42,0.6739956824876698
24,43,0.8929612474839056
24,44,0.5315033271577355
24,45,0.2622749493076575
24,46,0.6624103694373162
24,47,0.6145839599643015
24,48,0.03948295239265692
24,49,0.24145471895502152
24,50,0.9952204156324734
25,0,-1.3244295668249146
25,1,-2.369764437330439
25,2,-1.8828520209333366
25,3,-1.4034599141206685
25,4,-1.410145242335792
25,5,-2.29860336202622
25,6,-3.321663766126032
25,7,-2.6912484045226224
25,8,-1.2005317100829662
25,9,-1.0979035169427165
25,10,-1.7656238344567459
25,11,-1.6957033342294654
25,12,-1.5698024681502585
25,13,-1.8442114939253031
25,14,-1.8189050051380775
25,15,-1.7527206838420522
25,16,-2.0115487751633925
25,17,-2.002006762410932
25,18,-1.6751852953798454
25,19,-1.363265747732512
25,20,-0.9241205713446478
25,21,-0.7606142991668697
25,22,-1.3391837963044526
25,23,-1.9221403307563694
25,24,-1.9651643131958172
25,25,-1.9525435028865965
25,26,-2.0988002579526777
25,27,-2.343551899367846
25,28,-2.828092190601587
25,29,-3.252031830300033
25,30,-3.11263905643684
25,31,-2.3461837877658662
25,32,-1.2433861894726725
25,33,-0.575184674758076
25,34,-0.6970624822380616
25,35,-0.493022136747898
25,36,0.5776040213955888
25,37,1.2582050403079588
25,38,1.2182727688695378
25,39,1.3553780294306306
25,40,1.3399515626377518
25,41,0.8579783778073727
25,42,0.8061612178876074
25,43,0.831826171690664
25,44,0.0238671140813178
25,45,-0.4861645597702137
25,46,-0.04268398799458796
25,47,-0.03901083893362655
25,48,-0.37526509439692535
25,49,0.3504141284794131
25,50,1.2836411570167823
26,0,-1.9891551925313604
26,1,-3.1633242772814167
26,2,-2.5225441410770197
26,3,-1.9018722194670283
26,4,-1.7627325914845784
26,5,-2.5691761679243794
26,6,-3.6401794395250486
26,7,-2.989491733088892
26,8,-1.3825481181120935
26,9,-1.2591491017012488
26,10,-1.977074764647928
26,11,-1.9222485646845626
26,12,-1.8122172604592173
26,13,-2.129435685453696
26,14,-2.1590081883981984
26,15,-2.0501716015463423
26,16,-1.997548352498667
26,17,-1.619113667457123
26,18,-1.295639406078476
26,19,-1.2179356923322486
26,20,-0.801351483707425
26,21,-0.5126951625155887
26,22,-1.058800220515362
26,23,-1.6093176239139724
26,24,-1.5469810729953013
26,25,-1.4703217077254929
26,26,-1.6284847822777462
26,27,-1.9359709260563502
26,28,-2.523664613983713
26,29,-3.050767814881742
26,30,-3.0086064657961655
26,31,-2.305789344749364
26,32,-1.1408786839181082
26,33,-0.3670091412190263
26,34,-0.55453625220647
26,35,-0.5532880088974956
26,36,0.4180048376374538
26,37,1.1728575455302157
26,38,1.2235826416811058
26,39,1.3526000354451497
26,40,1.3033366281395873
26,41,0.7948705144254424
26,42,0.6226708374547496
26,43,0.5673244312362701
26,44,-0.08853734238219477
26,45,-0.5907286577359395
26,46,-0.5653251705580761
26,47,-0.7158187792474846
26,48,-0.5175572640507057
26,49,0.6148459069654086
26,50,1.3371804460333476
27,0,-2.429383150293653
27,1,-3.7522236113059724
27,2,-2.746318878425228
27,3,-1.8343739979595106
27,4,-1.6210415325786962
27,5,-2.236530611777541
27,6,-3.0243155373061383
27,7,-2.471260335698629
27,8,-1.304083523629203
27,9,-1.2797760499999165
27,10,-1.6873212385571337
27,11,-1.5790337158473933
27,12,-1.7028132515906238
27,13,-1.9999708211788072
27,14,-1.8181655668229821
27,15,-1.6446596569918857
27,16,-1.5676442340829966
27,17,-1.134508311291474
27,18,-0.8868733554161654
27,19,-0.9765447533494365
27,20,-0.6721651841307166
27,21,-0.33501747791534314
27,22,-0.597732195325497
27,23,-0.8880737824812599
27,24,-0.9476378324402723
27,25,-1.186993051503514
27,26,-1.4586309140695433
27,27,-1.6639151167218393
27,28,-2.0426438453161095
27,29,-2.322566670068905
27,30,-2.194834314260764
27,31,-1.6739741917505386
27,32,-0.8066087943843323
27,33,-0.2175566275394469
27,34,-0.33599790682732616
27,35,-0.19035516956182902
27,36,0.6383258302501839
27,37,1.0480717903492467
27,38,0.9366369016973056
27,39,1.0745533806690526
27,40,1.0001410173054652
27,41,0.4535343447844883
27,42,0.2877493256621627
27,43,0.3491559440474427
27,44,-0.057328772824992484
27,45,-0.42395485169211405
27,46,-0.42336205532611526
27,47,-0.41450765235499853
27,48,0.06423635227441289
27,49,1.240441434617382
27,50,1.890293725979614
28,0,-2.6906466678964884
28,1,-4.1042531046693504
28,2,-2.737396314337311
28,3,-1.7089154979651653
28,4,-1.4977051577279665
28,5,-1.7341579822488686
28,6,-2.249807235354104
28,7,-2.1149323257777937
28,8,-1.560413983729536
28,9,-1.6591716091176074
28,10,-1.8280650342202487
28,11,-1.610508868445536
28,12,-1.8704856700492265
28,13,-2.2186989770257592
28,14,-1.7384670335856014
28,15,-1.1715531391990721
28,16,-0.996755015384358
28,17,-0.6665513051345079
28,18,-0.4250624897740086
28,19,-0.4613230797090585
28,20,-0.1940316107404151
28,21,0.07251932380635916
28,22,-0.22789605822789008
28,23,-0.5930420173944211
28,24,-0.7864372084497633
28,25,-1.0782513906191336
28,26,-1.1999123593068877
28,27,-1.177046133332418
28,28,-1.4426021863790186
28,29,-1.6557300218100977
28,30,-1.422700493926591
28,31,-0.9948360060470779
28,32,-0.5341250156145129
28,33,-0.3004039187870936
28,34,-0.41927368387128267
28,35,-0.06816630979962841
28,36,0.8898234947131709
28,37,1.2180529757326901
28,38,0.8891431638208762
28,39,0.8591870646595667
28,40,0.6657439312493728
28,41,-0.004214519916873457
28,42,-0.11064404906703637
28,43,0.16126167426106164
28,44,-0.2014207676258882
28,45,-0.4595278902275374
28,46,0.06784537793002333
28,47,0.4350530849104728
28,48,0.6392168341323031
28,49,1.5626472806586829
28,50,2.2452903772741326
29,0,-2.7393935853275235
29,1,-3.9345693239735415
29,2,-2.3471707012694054
29,3,-1.595095496962409
29,4,-1.524847458362649
29,5,-1.3885471096788924
29,6,-1.8020479085006007
29,7,-2.178628144532837
29,8,-2.05490070893689
29,9,-2.1668523383125184
29,10,-2.241746148129269
29,11,-1.9839228135291345
29,12,-2.2277735066237914
29,13,-2.5163695139929
29,14,-1.8159832645450573
29,15,-0.9461719333949777
29,16,-0.5339058355397283
29,17,-0.006887219701015697
29,18,0.3170275864137772
29,19,0.2116551263891058
29,20,0.5348454172420052
29,21,0.9595668150720098
29,22,0.5542479040011296
29,23,-0.011066478140161155
29,24,-0.14661144610648882
29,25,-0.34930584802449666
29,26,-0.5470480228686254
29,27,-0.6111191251677086
29,28,-0.9449270769953729
29,29,-1.1027320820082243
29,30,-0.6648129771198498
29,31,-0.4342483861180836
29,32,-0.6224848394513189
29,33,-0.5986797043196005
29,34,-0.45384856954027636
29,35,-0.18845775084252436
29,36,0.5272174605882625
29,37,0.9932996083474038
29,38,0.7456778419658027
29,39,0.5300156561283984
29,40,0.3416443564311794
29,41,-0.23695791431987756
29,42,-0.47805758501484336
29,43,-0.3038172891545457
29,44,-0.5638593352118721
29,45,-0.6192173641045401
29,46,0.16540825551105742
29,47,0.4934838876436475
29,48,0.15292933076858714
29,49,0.6080990570875845
29,50,1.3042527728756794
30,0,-2.490895658449515
30,1,-3.346929154419744
30,2,-1.6999388086872398
30,3,-1.3259709092375316
30,4,-1.5163688461207774
30,5,-1.3550293352785658
30,6,-1.770853343561479
30,7,-2.2853531243350966
30,8,-2.3024694940740895
30,9,-2.4424400656827503
30,10,-2.427414319610482
30,11,-2.130387857461116
30,12,-2.4712053672252985
30,13,-2.7829032392036623
30,14,-1.9668117876825262
30,15,-1.027339749011969
30,16,-0.44844135362831855
30,17,0.5120521037198765
30,18,1.0629742865663747
30,19,0.7225953817559979
30,20,0.9967599133334083
30,21,1.8184408317230036
30,22,1.6175543050386036
30,23,0.9101176142124396
30,24,0.7045825161403261
30,25,0.370449315805142
30,26,-0.25610277011739124
30,27,-0.6621371494873717
30,28,-0.9639575488128236
30,29,-0.8773538497782031
30,30,-0.23242636507438214
30,31,-0.1535682207335896
30,32,-0.7316426070846219
30,33,-0.582420704852643
30,34,0.09244348622439508
30,35,0.1856655997045346
30,36,0.09661947082050244
30,37,0.21951872196276156
30,38,0.0615931728825467
30,39,-0.16673647061899716
30,40,-0.1402751053813182
30,41,-0.2974734070041634
30,42,-0.6164372162769736
30,43,-0.7939663254622442
30,44,-1.0011680137334977
30,45,-0.9301460735746162
30,46,-0.36061371032701717
30,47,-0.29202066088332035
30,48,-0.9296058941480017
30,49,-0.9262389140050321
30,50,-0.1998144766011828
31,0,-2.639730220468917
31,1,-3.369379003322888
31,2,-1.565944197332336
31,3,-1.2535505504914817
31,4,-1.6181955694759744
31,5,-1.5890955769814403
31,6,-2.1469831565151622
31,7,-2.71226083297548
31,8,-2.5993801173811772
31,9,-2.6888731699187303
31,10,-2.7802073618357004
31,11,-2.4672200793223715
31,12,-2.7390377291805272
31,13,-3.1955848635201742
31,14,-2.5222229468014308
31,15,-1.4865559955559562
31,16,-0.7544773747130883
31,17,0.3857075616624465
31,18,1.2094620475692142
31,19,0.9173626001223685
31,20,0.9626956985848537
31,21,1.7741881920171945
31,22,1.7798649524885382
31,23,1.0121134221788974
31,24,0.5961407275410069
31,25,0.2441480867549356
31,26,-0.42722972132732234
31,27,-1.0149175690863528
31,28,-1.3331502994022382
31,29,-1.1751523614094317
31,30,-0.6257704165716302
31,31,-0.5309614511058296
31,32,-0.7295739028426703
31,33,-0.15106800227529382
31,34,0.6979712407686004
31,35,0.7244692286997261
31,36,0.40158104030978736
31,37,0.23600838802940502
31,38,-0.16434867030825862
31,39,-0.5762269623165037
31,40,-0.5491474774194708
31,41,-0.45772909460684486
31,42,-0.5808856521274761
31,43,-0.8238313517616744
31,44,-1.204764635255182
31,45,-1.3625360549657053
31,46,-1.0359658370865723
31,47,-0.9628918970344494
31,48,-1.4817488496486901
31,49,-1.6633306562187316
31,50,-1.1217627343897836
32,0,-3.054480658359383
32,1,-3.808524573692849
32,2,-1.8452033479127
32,3,-1.4469718591462113
32,4,-1.856513961597186
32,5,-1.7718925334264137
32,6,-2.356455639820604
32,7,-3.0766835018749368
32,8,-2.8162812699270403
32,9,-2.716564097983418
32,10,-3.1129688048666466
32,11,-2.9557087749245867
32,12,-2.7199123270683154
32,13,-2.884741721363324
32,14,-2.4934584994714597
32,15,-1.5563932678974388
32,16,-0.7771153977589265
32,17,0.13837805002746734
32,18,0.9943976698540684
32,19,1.048123015313944
32,20,0.8758726763489041
32,21,1.1058281847643856
32,22,1.1242211834124916
32,23,0.7612360376662823
32,24,0.5515056609377714
32,25,0.3924061462887119
32,26,-0.06388001168832601
32,27,-0.7212730586867679
32,28,-1.248229684056627
32,29,-1.2955997862728073
32,30,-1.060102548784363
32,31,-1.0382099963959004
32,32,-0.8290606430406818
32,33,-0.026642102760313556
32,34,0.5325758682750288
32,35,0.5252246097563213
32,36,0.7881153981742738
32,37,1.0812522534043723
32,38,0.4745243611349709
32,39,-0.4603201306846675
32,40,-0.7509748615432826
32,41,-0.6098532968304312
32,42,-0.4928005129896239
32,43,-0.6310507883851051
32,44,-1.1984744228033097
32,45,-1.6688862935980024
32,46,-1.487420438219943
32,47,-1.2443440053490558
32,48,-1.4814440757520286
32,49,-1.698111737559151
32,50,-1.590913184137607
33,0,-2.8866030387577277
33,1,-3.6426552391638496
33,2,-1.992302561980323
33,3,-1.7998402063217953
33,4,-2.192668780800555
33,5,-1.965758689358166
33,6,-2.3157335441033413
33,7,-2.89713578918494
33,8,-2.634972125945605
33,9,-2.537008400904198
33,10,-3.0540996000479526
33,11,-3.0005866368572462
33,12,-2.3965087119111907
33,13,-2.0540287041354257
33,14,-1.707701846356028
33,15,-1.118717186669756
33,16,-0.5764362060467437
33,17,0.03299502386741926
33,18,0.6886662961728
33,19,0.9332470617523939
33,20,0.7792721891315402
33,21,0.5996459923823866
33,22,0.6143758001103654
33,23,0.9415309101418019
33,24,1.2899451064019087
33,25,1.139166069290695
33,26,0.5498851235995486
33,27,-0.1169914520156207
33,28,-0.6818368343515914
33,29,-0.9097785798861949
33,30,-0.8836101151922892
33,31,-0.9960067236752512
33,32,-0.9467253122105566
33,33,-0.39796596079484453
33,34,-0.026082907276556808
33,35,0.01436124476061386
33,36,0.5801161556993433
33,37,1.2313301296278587
33,38,0.6458964018508996
33,39,-0.5856528479839012
33,40,-0.9156297742509738
33,41,-0.47728659335704937
33,42,-0.298125706193175
33,43,-0.6589345573329137
33,44,-1.3425205253273653
33,45,-1.8889968678076263
33,46,-1.821458383452936
33,47,-1.4538310477278515
33,48,-1.4377964489960873
33,49,-1.6720576839802717
33,50,-1.8086425151944088
34,0,-2.577236336408737
34,1,-3.3867356067874543
34,2,-2.2175748349638043
34,3,-2.229764974493895
34,4,-2.441730262878448
34,5,-2.1933106668088675
34,6,-2.5388236178752988
34,7,-2.897731280617583
34,8,-2.6428907635857213
34,9,-2.714429374375158
34,10,-3.054832919243839
34,11,-2.85121908842087
34,12,-2.485683780478862
34,13,-2.2273597951596122
34,14,-1.7069179414497089
34,15,-1.1946723544540996
34,16,-0.8643726136290181
34,17,-0.32854857738394716
34,18,0.18585125849292827
34,19,0.3033400538379414
34,20,0.2696290017945002
34,21,0.17555244770982228
34,22,0.13728970922433908
34,23,0.5906183633940537
34,24,1.125940325612179
34,25,0.9583491976313588
34,26,0.4496183498092465
34,27,0.14022498937059183
34,28,-0.19340219116924595
34,29,-0.5115884944405467
34,30,-0.6321526515832898
34,31,-0.8334842030450231
34,32,-0.9036547523969392
34,33,-0.41024199987847754
34,34,0.08311222006629256
34,35,0.1985620382582254
34,36,0.536421550766759
34,37,0.8632220757910677
34,38,0.2606016839601721
34,39,-0.6600200074748356
34,40,-0.651864226971362
34,41,-0.08855382137806747
34,42,-0.036346453565851894
34,43,-0.5879996241233667
34,44,-1.318155011355888
34,45,-1.8527150431389292
34,46,-1.8563470059729879
34,47,-1.509554991676733
34,48,-1.382927210443666
34,49,-1.5232259809148838
34,50,-1.5940186489689023
35,0,-2.693416951198134
35,1,-3.777438835604099
35,2,-2.6215288353397037
35,3,-2.264648347956922
35,4,-2.162995299898706
35,5,-2.0542417999476887
35,6,-2.7538710279853573
35,7,-3.255707167363995
35,8,-2.984509598367049
35,9,-2.9527376733243402
35,10,-3.0291222246204
35,11,-2.7788048191108334
35,12,-2.8258701569621394
35,13,-2.8571476039531847
35,14,-2.1980493480538197
35,15,-1.5641028276153615
35,16,-1.2024224968117672
35,17,-0.5168026321674183
35,18,-0.026866943583267598
35,19,-0.20262557175712662
35,20,-0.3347180716005609
35,21,-0.3013509088740479
35,22,-0.44410373703668066
35,23,-0.3679000355454084
35,24,-0.04979757680762611
35,25,0.0540018329558142
35,26,0.16849372749087685
35,27,0.38147321337734813
35,28,0.2762592445748748
35,29,-0.016398924881794744
35,30,-0.34943645183547034
35,31,-0.8326942793148224
35,32,-0.795559589325481
35,33,0.09018675122937629
35,34,0.7452498027017264
35,35,0.7778897504655201
35,36,0.9589270138625369
35,37,1.1069050113627226
35,38,0.6661561214324827
35,39,0.2381437767049456
35,40,0.26566138646764886
35,41,0.29872820843867043
35,42,0.17812250852822334
35,43,-0.05518763925889009
35,44,-0.58671835311454
35,45,-1.130654975037203
35,46,-1.2402699432556206
35,47,-1.149324135525052
35,48,-1.1933255042249404
35,49,-1.3027514239804159
35,50,-1.3805020572390048
36,0,-2.711732537294472
36,1,-4.151699482213369
36,2,-2.904667898536288
36,3,-2.047845830217084
36,4,-1.7712661101138842
36,5,-1.8730574322681461
36,6,-2.763743225517739
36,7,-3.409323899204738
36,8,-3.1221039958495993
36,9,-2.755955447538471
36,10,-2.620668740960344
36,11,-2.5787437451652337
36,12,-2.7844960011090856
36,13,-2.6834170182811197
36,14,-1.9738480737662105
36,15,-1.4873276873726364
36,16,-1.1984831203509303
36,17,-0.44285851775388
36,18,0.048594109440730615
36,19,-0.3273902078513753
36,20,-0.6638299141980359
36,21,-0.5885513221115466
36,22,-0.64348629306456
36,23,-0.7032514546734424
36,24,-0.4619793364562881
36,25,-0.13954698715172462
36,26,0.17683654881645297
36,27,0.49643342984356503
36,28,0.6994495269422653
36,29,0.7168382431067546
36,30,0.2581220359805756
36,31,-0.5979440526186832
36,32,-0.7532623299957215
36,33,0.13520852458394825
36,34,0.8078791968945332
36,35,0.7874098670171843
36,36,0.9393941696124141
36,37,1.3471935102360755
36,38,1.420124996745782
36,39,1.2296556382361408
36,40,0.9512986103319969
36,41,0.5658466319891345
36,42,0.4013723541868176
36,43,0.48495131864255236
36,44,0.2798900374410425
36,45,-0.2157599501015862
36,46,-0.5184679883344111
36,47,-0.6365254067030409
36,48,-0.8621626027236956
36,49,-1.214999905089117
36,50,-1.5304035295840932
37,0,-2.5870022536059345
37,1,-3.9588452986660765
37,2,-2.9208918662042525
37,3,-2.2008085167309335
37,4,-1.9210853630642655
37,5,-2.035387907582442
37,6,-2.92921819448053
37,7,-3.51723829511136
37,8,-3.08336338238333
37,9,-2.530801769529447
37,10,-2.3494662843170104
37,11,-2.3914745019274553
37,12,-2.634495677997769
37,13,-2.555001278453931
37,14,-1.954579789230325
37,15,-1.676479977581196
37,16,-1.7038133529544874
37,17,-1.1850372639544007
37,18,-0.6175546248703373
37,19,-0.788967385810843
37,20,-1.005665500230258
37,21,-0.7679230487505275
37,22,-0.6385517600060426
37,23,-0.6036206535748045
37,24,-0.24562731419428446
37,25,0.03595648779856301
37,26,-0.056223185944310555
37,27,0.06511236454256045
37,28,0.6751594349854748
37,29,1.0767192082046926
37,30,0.6234917409880969
37,31,-0.3085679185741692
37,32,-0.7206922212365409
37,33,-0.298339519759016
37,34,0.2376620315290866
37,35,0.3816864350251405
37,36,0.5199772439618969
37,37,0.9389999827846706
37,38,1.2684352654987732
37,39,1.2546647266187234
37,40,1.0891599932343599
37,41,0.9137592217382994
37,42,0.7705319150168481
37,43,0.735938464090639
37,44,0.6213467451718945
37,45,0.183357776329566
37,46,-0.2756221182256167
37,47,-0.414445494282277
37,48,-0.5718794822906434
37,49,-1.0372261243021272
37,50,-1.461849450728879
38,0,-2.6414960599595827
38,1,-3.4857890692598277
38,2,-2.4605758922491323
38,3,-2.11555286499829
38,4,-1.8257503176870944
38,5,-1.7101440030027433
38,6,-2.6886866986667775
38,7,-3.3616899500311535
38,8,-2.7779283014689535
38,9,-2.2789762836564926
38,10,-2.2953873667472067
38,11,-2.274216568277541
38,12,-2.5316485942903686
38,13,-2.847350450368541
38,14,-2.5530837000306414
38,15,-2.3331951549990944
38,16,-2.5978734885170023
38,17,-2.4240383781159154
38,18,-1.792152322992448
38,19,-1.4605582997080955
38,20,-1.1954474593605218
38,21,-0.8223094225490515
38,22,-0.7899973807570166
38,23,-0.7448608275636754
38,24,-0.21397637061132904
38,25,0.11209407306441704
38,26,-0.15981880793705452
38,27,-0.18678709381816158
38,28,0.44407076628333725
38,29,0.8971595847856305
38,30,0.479878435366394
38,31,-0.31432340148001164
38,32,-0.5846460444369089
38,33,-0.24309039245815384
38,34,0.16187550268102735
38,35,0.39724356148332346
38,36,0.5628151270748849
38,37,0.7012547808455909
38,38,0.9152958770845975
38,39,1.245564909829957
38,40,1.4472718013830166
38,41,1.3988565587344701
38,42,1.26170078707759
38,43,1.0822139549212568
38,44,0.8087451442659875
38,45,0.4778582387115566
38,46,0.07780198523580485
38,47,-0.3764593584948134
38,48,-0.7081546520887195
38,49,-0.8365878974086043
38,50,-0.900734603820238
39,0,-2.47713497829889
39,1,-3.1045108091837803
39,2,-1.776921866821821
39,3,-1.3055128136844325
39,4,-0.9745971297980253
39,5,-0.746360820473718
39,6,-1.7222637332343484
39,7,-2.5386474723715904
39,8,-2.107242057044735
39,9,-1.8449383418585215
39,10,-2.1288455887135505
39,11,-2.1235442963183417
39,12,-2.240866810057353
39,13,-2.622870836208892
39,14,-2.553290124514425
39,15,-2.417077236552305
39,16,-2.6767651391079363
39,17,-2.654013234428868
39,18,-2.1596348069818943
39,19,-1.575610119314904
39,20,-0.9107066004759277
39,21,-0.5884026847004696
39,22,-0.9123365074354958
39,23,-0.8975476205329874
39,24,-0.048117940964480535
39,25,0.5511751585496838
39,26,0.3294809174157951
39,27,0.045937816328875135
39,28,0.236801250308056
39,29,0.5016511703265482
39,30,0.23537608151477363
39,31,-0.36165426258035854
39,32,-0.40898999650529666
39,33,0.19066505996774613
39,34,0.6381595039941984
39,35,0.7105400717853702
39,36,0.7573299033298865
39,37,0.9113789865739063
39,38,1.3039204421716237
39,39,1.7911904931923721
39,40,1.8203970576281892
39,41,1.565557720735294
39,42,1.554272840597806
39,43,1.4122969888237846
39,44,1.006254940109612
39,45,0.9535480831276387
39,46,0.8104341765190469
39,47,-0.1995748897995505
39,48,-1.1010737047289885
39,49,-0.9225811784898819
39,50,-0.5069054376496569
40,0,-2.101345558772889
40,1,-3.064275776806799
40,2,-1.6328648934947763
40,3,-0.8346438324142139
40,4,-0.43511256263102943
40,5,-0.26715128808766997
40,6,-1.2308586608083485
40,7,-2.1777925207336897
40,8,-2.0733923542466908
40,9,-2.083731707271118
40,10,-2.4480668877219913
40,11,-2.3042540468176966
40,12,-2.139333187743419
40,13,-2.344057624439722
40,14,-2.273866661398278
40,15,-2.103547669815773
40,16,-2.2399041061060214
40,17,-2.1781772212720334
40,18,-1.792254828765699
40,19,-1.3311268214091287
40,20,-0.7002435663218687
40,21,-0.4578158710494071
40,22,-1.057477082095536
40,23,-1.2600358832012986
40,24,-0.24571167910555267
40,25,0.661549099163567
40,26,0.45185169793202673
40,27,-0.12467348489526875
40,28,-0.2822523155253158
40,29,-0.1629666417818305
40,30,-0.21442174274532874
40,31,-0.47190027965313275
40,32,-0.3740855705171901
40,33,0.2889582950555434
40,34,0.7680301367136595
40,35,0.6296430917293387
40,36,0.5431128192355151
40,37,1.0743095496398876
40,38,1.7970626057731147
40,39,1.9533099561055378
40,40,1.5262097457643886
40,41,1.2762233779571837
40,42,1.4125303676301104
40,43,1.2840486131949163
40,44,0.9743141997102648
40,45,1.1235607710011704
40,46,1.0709280571207485
40,47,0.0015508882390215886
40,48,-1.0104752250751472
40,49,-0.8893479138711213
40,50,-0.471247472939951
41,0,-2.0232480430353834
41,1,-3.1438009113142953
41,2,-1.7610076336653795
41,3,-0.9904052671992574
41,4,-0.5241329296082395
41,5,-0.3166879880760443
41,6,-1.5283766927481437
41,7,-2.8565355892238053
41,8,-2.9700939364193286
41,9,-3.0455158264198268
41,10,-3.2792583025985973
41,11,-2.7599595541368056
41,12,-2.348911927280518
41,13,-2.6338926585984823
41,14,-2.6053239722929202
41,15,-2.343438961039078
41,16,-2.4520734104422397
41,17,-2.229513444303375
41,18,-1.5462886186104443
41,19,-1.139982417721583
41,20,-0.7963625472180947
41,21,-0.5506041239467394
41,22,-1.1735884323623185
41,23,-1.863785527260749
41,24,-1.2840865498729308
41,25,-0.275265707284174
41,26,-0.1715892170071853
41,27,-0.6009346084266777
41,28,-0.8390949770435104
41,29,-0.9294700371236119
41,30,-1.002320942469277
41,31,-0.9396182611973841
41,32,-0.5175610924757158
41,33,0.19024097614524157
41,34,0.5472327875692345
41,35,0.35777785121999617
41,36,0.4522676276045315
41,37,1.2092704447124467
41,38,1.7864878364274313
41,39,1.6063197179764874
41,40,1.2022796244033715
41,41,1.150643902222217
41,42,1.274080338637676
41,43,1.2439533250768573
41,44,1.184501234970946
41,45,1.170139289687215
41,46,0.8169974408684587
41,47,0.067590897497031
41,48,-0.4331496410250565
41,49,-0.36125618266877574
41,50,-0.18450402548566364
42,0,-1.924878032219961
42,1,-2.845916136159781
42,2,-1.4012965952006218
42,3,-0.8725076291220979
42,4,-0.5839599082635507
42,5,-0.34260733489216844
42,6,-1.638406237972027
42,7,-3.24703699567037
42,8,-3.519851578014704
42,9,-3.489622690378011
42,10,-3.508702866189219
42,11,-2.824556083311592
42,12,-2.3440226789279737
42,13,-2.6567309463993185
42,14,-2.787319060894536
42,15,-2.8039670072065492
42,16,-3.075250600809227
42,17,-2.6346103070190217
42,18,-1.524669184308643
42,19,-0.9438457537583463
42,20,-0.7057687122664473
42,21,-0.4231630520218761
42,22,-0.8601308132310639
42,23,-1.7679286463605368
42,24,-1.8653060918820716
42,25,-1.219666594269503
42,26,-0.7646617785276635
42,27,-0.7323876295955435
42,28,-0.9977430712003934
42,29,-1.419179682034898
42,30,-1.6602697994196003
42,31,-1.4640547830982058
42,32,-0.8172645528347958
42,33,-0.027932038439707995
42,34,0.38179700830748514
42,35,0.4397484423178876
42,36,0.7026249087256942
42,37,1.1927404414857936
42,38,1.453279047423462
42,39,1.4272034895845433
42,40,1.3826904342164523
42,41,1.47868611611602
42,42,1.709411039487375
42,43,1.9054540810974199
42,44,1.8931983507893437
42,45,1.5895757944355482
42,46,0.9524931116082874
42,47,0.27284486449476464
42,48,0.04802038543406599
42,49,0.2350047869507518
42,50,0.440967161765731
43,0,-1.4419470501230234
43,1,-2.307529906277571
43,2,-0.8637153189954225
43,3,-0.5619300726443339
43,4,-0.7184644825960144
43,5,-0.5979521921376694
43,6,-1.567422276837232
43,7,-3.0448780498466257
43,8,-3.454780716780191
43,9,-3.2763426316056634
43,10,-3.06904618150324
43,11,-2.5537972778669933
43,12,-2.2248729994315757
43,13,-2.369008233391884
43,14,-2.477499591545134
43,15,-2.6893285908870284
43,16,-3.0132573028779137
43,17,-2.593056143126784
43,18,-1.5615872185747288
43,19,-0.9049078253243444
43,20,-0.6172249503424698
43,21,-0.4117811696756705
43,22,-0.5962527654792226
43,23,-1.0957914997904519
43,24,-1.4551714294942022
43,25,-1.530762638062957
43,26,-1.3015940339867547
43,27,-1.0269978097592056
43,28,-1.2216046292535667
43,29,-1.709712764860031
43,30,-1.8535331045357624
43,31,-1.6079059031966358
43,32,-1.188752108271163
43,33,-0.5520525443338719
43,34,0.15342702840930075
43,35,0.5807320260836087
43,36,0.7054948032746793
43,37,0.8034810522156938
43,38,1.0562216697512041
43,39,1.3468741837882912
43,40,1.5660236270218524
43,41,1.927002811493087
43,42,2.435483014495979
43,43,2.623356097892626
43,44,2.380439584779701
43,45,2.01396577828227
43,46,1.4864519309678834
43,47,0.8332138952614659
43,48,0.553836360254916
43,49,0.715850316659326
43,50,0.9007709388380569
44,0,-1.0342331804418783
44,1,-1.8512370415525838
44,2,-0.45557069828723523
44,3,-0.41113184558126487
44,4,-0.8935436191226612
44,5,-0.8190362362148098
44,6,-1.6820856801514086
44,7,-3.17986451919059
44,8,-3.505726597353382
44,9,-2.994713918927478
44,10,-2.6408784721567122
44,11,-2.3692455607284497
44,12,-2.296354519695581
44,13,-2.4452370101321526
44,14,-2.2947828273792332
44,15,-2.0266919450551355
44,16,-2.074787847547794
44,17,-2.015654438563541
44,18,-1.5574479955654772
44,19,-1.1178983291676776
44,20,-0.9866342203386661
44,21,-1.0641931418309247
44,22,-1.0701641085170883
44,23,-0.946369429461217
44,24,-1.1639480476407604
44,25,-1.752903703987343
44,26,-1.9251703171986618
44,27,-1.6342371220671283
44,28,-1.624240930716643
44,29,-1.7755346054102117
44,30,-1.597323075026394
44,31,-1.3811548372496
44,32,-1.2304450641760596
44,33,-0.687827048469323
44,34,0.07225747819870014
44,35,0.44121174057478424
44,36,0.4799587182827027
44,37,0.6352822414789528
44,38,0.986924359191219
44,39,1.3666873865009115
44,40,1.7792553136583975
44,41,2.3195384761652433
44,42,2.752089778144276
44,43,2.7235582019590705
44,44,2.404952266141648
44,45,2.150976951540764
44,46,1.872496896178701
44,47,1.5251932089071973
44,48,1.3771210189959535
44,49,1.3562674731238944
44,50,1.1662175658947964
45,0,-0.9483473167576889
45,1,-1.4697141088525016
45,2,-0.02993751832606724
45,3,-0.19776688118529806
45,4,-0.773141671095396
45,5,-0.7104612532952254
45,6,-1.8291429769755168
45,7,-3.458914466314545
45,8,-3.3710485134865653
45,9,-2.440903249627139
45,10,-2.181252584894676
45,11,-2.165425420622106
45,12,-2.1938739826302642
45,13,-2.37650176176154
45,14,-2.0789885895443323
45,15,-1.4368505070807873
45,16,-1.332588583144974
45,17,-1.6127882254589525
45,18,-1.6274024665871443
45,19,-1.4643635192851512
45,20,-1.5346316564049107
45,21,-1.8089065648484688
45,22,-1.7573247732239285
45,23,-1.2986074535249532
45,24,-1.2921928225952481
45,25,-1.922389764812133
45,26,-2.152933229053234
45,27,-1.806533777269013
45,28,-1.6498776148756649
45,29,-1.5768982554136046
45,30,-1.2746719823789965
45,31,-1.0829743458950734
45,32,-0.8041072129026507
45,33,-0.08491793984130079
45,34,0.4147872390312021
45,35,0.3603868538123461
45,36,0.454230903461059
45,37,0.9046362546020084
45,38,1.3251013663073588
45,39,1.7271806161889474
45,40,2.144918330508455
45,41,2.3760281913032686
45,42,2.452067621261752
45,43,2.465023116704267
45,44,2.373422360460945
45,45,2.221735211326709
45,46,2.076599547584802
45,47,2.0127374966027585
45,48,2.0600008854611502
45,49,1.9232635529481195
45,50,1.4516110426792426
46,0,-0.9705654121930626
46,1,-1.4550430854426601
46,2,-0.12907923004362318
46,3,-0.340191936393964
46,4,-0.9913022672362171
46,5,-1.1661533362584298
46,6,-2.293913046718635
46,7,-3.4126905238567695
46,8,-2.7420276429487958
46,9,-1.7304788808387734
46,10,-1.7685536578386385
46,11,-1.8913173479644854
46,12,-1.7463755783544137
46,13,-1.7824763814719564
46,14,-1.6517096195774574
46,15,-1.3884623642567568
46,16,-1.5977498668847823
46,17,-2.0532712973097467
46,18,-2.208198430831368
46,19,-2.080467773120886
46,20,-1.9694763351021762
46,21,-2.0876710709118664
46,22,-2.119375619217188
46,23,-1.704874936466335
46,24,-1.5082884970430654
46,25,-1.9846047493977486
46,26,-2.1789528542292267
46,27,-1.7008428752988773
46,28,-1.4558023164008678
46,29,-1.5761657705286833
46,30,-1.4609758745470673
46,31,-1.1181654485582813
46,32,-0.5899137559342063
46,33,0.13156108682328052
46,34,0.48491636692527723
46,35,0.3607266241811571
46,36,0.4256922707563089
46,37,0.8485295070160543
46,38,1.3541888827192052
46,39,1.801478016401737
46,40,1.8984558712870028
46,41,1.6865307891096057
46,42,1.7622649922135143
46,43,2.1215515887249876
46,44,2.2395388551535844
46,45,2.151520426680934
46,46,2.1198972892968793
46,47,2.161202104819168
46,48,2.226805347173751
46,49,2.025993073434635
46,50,1.5129207567076894
47,0,-1.0453177433374343
47,1,-1.9167529191048858
47,2,-0.90816678223483
47,3,-1.0808097995839498
47,4,-1.720230094427641
47,5,-2.026053591077072
47,6,-2.842461295023291
47,7,-3.211792187749664
47,8,-2.171221615595541
47,9,-1.3984451154660662
47,10,-1.667723504660096
47,11,-1.6558250892688016
47,12,-1.257505710119669
47,13,-1.226840555045874
47,14,-1.3014716572040377
47,15,-1.4321982110720346
47,16,-2.018213211249106
47,17,-2.6823454584963855
47,18,-2.897027544938945
47,19,-2.6594807590556977
47,20,-2.2310903466140304
47,21,-2.117808548676745
47,22,-2.307985225468832
47,23,-2.143622864134477
47,24,-1.9017893330692313
47,25,-2.2331292479852225
47,26,-2.366056980584702
47,27,-1.7391062293524908
47,28,-1.4032426977198547
47,29,-1.7452188385876475
47,30,-1.8319345917736085
47,31,-1.4471311937989046
47,32,-1.034947189148316
47,33,-0.6088458479787207
47,34,-0.2161214385350459
47,35,-0.06499942667885361
47,36,-0.017442199723795456
47,37,0.20477677049763757
47,38,0.6881654332794159
47,39,1.1191691340481327
47,40,1.0197859015575963
47,41,0.7363623224257752
47,42,1.0714859834723505
47,43,1.7528977560186279
47,44,2.023631631357614
47,45,2.016627544826648
47,46,2.0784536855917524
47,47,2.14382839439237
47,48,2.1427386871486003
47,49,1.8582823385460339
47,50,1.3047336031445582
48,0,-1.0486738999121497
48,1,-2.149783844525501
48,2,-1.3961654456776473
48,3,-1.6588741340754147
48,4,-2.131757127292147
48,5,-2.055759392636177
48,6,-2.504328636452511
48,7,-2.7406392014294725
48,8,-1.8254985330048787
48,9,-1.2633600687968995
48,10,-1.5978833673687578
48,11,-1.4979360910323356
48,12,-1.049073765557033
48,13,-0.9894777826046917
48,14,-0.9264004602751058
48,15,-0.9737992278348635
48,16,-1.669540791645509
48,17,-2.434340998627171
48,18,-2.692783310037051
48,19,-2.5973048774316165
48,20,-2.2321029082942627
48,21,-1.9646732982123143
48,22,-2.165491333376928
48,23,-2.3274512684441686
48,24,-2.2451139840389804
48,25,-2.334411547446417
48,26,-2.1865807371318096
48,27,-1.5263492651682433
48,28,-1.2921638412946514
48,29,-1.6590349688882935
48,30,-1.7432643196450355
48,31,-1.618928261571931
48,32,-1.7072659455296453
48,33,-1.5671565625068036
48,34,-1.1176450137083276
48,35,-0.9062541280069365
48,36,-0.898457786623706
48,37,-0.6906515660349775
48,38,-0.22307733713516986
48,39,0.25053824066162594
48,40,0.36391606891674194
48,41,0.2710530954418574
48,42,0.656103979630699
48,43,1.472281531776202
48,44,1.9988079764020767
48,45,2.1447842142914157
48,46,2.2079923123853717
48,47,2.1691338166820886
48,48,2.013617955408652
48,49,1.7237764771565287
48,50,1.3161026154633264
49,0,-0.7044801139356005
49,1,-1.769210028054574
49,2,-1.3381697170775406
49,3,-1.9423159943611525
49,4,-2.40281304946987
49,5,-1.8680068372943162
49,6,-1.880170416977591
49,7,-2.197014417764358
49,8,-1.653742243294346
49,9,-1.2354740983211558
49,10,-1.5301060211293005
49,11,-1.5796356733483619
49,12,-1.3792612815749028
49,13,-1.2360445647026719
49,14,-0.7932369578129683
49,15,-0.5945927455105353
49,16,-1.1499325369988438
49,17,-1.623747269207141
49,18,-1.8213234844381578
49,19,-2.211222973256745
49,20,-2.195796477786971
49,21,-1.6882273533104923
49,22,-1.784416032601828
49,23,-2.3555676284961535
49,24,-2.4436439980092755
49,25,-2.134603426332675
49,26,-1.672505318839164
49,27,-1.1600377217942486
49,28,-1.212444662649215
49,29,-1.6795264455438341
49,30,-1.7542752223713802
49,31,-1.8290778249570727
49,32,-2.3447189195228546
49,33,-2.4279733952485056
49,34,-1.8903175208110066
49,35,-1.698392180631456
49,36,-1.8659330382788908
49,37,-1.6584926776195132
49,38,-1.0717198043126313
49,39,-0.4994162576999904
49,40,-0.15651230705260227
49,41,-0.015413054782653483
49,42,0.3232919148013021
49,43,1.052884090882483
49,44,1.7480257276261422
49,45,2.0889315174360266
49,46,2.140674377854104
49,47,1.9812370031437954
49,48,1.7719174944520768
49,49,1.6480879860944417
49,50,1.5180465242438799
50,0,-0.06752287797187194
50,1,-1.232363861822054
50,2,-1.284781202914911
50,3,-2.183087293351978
50,4,-2.769963384281006
50,5,-2.2982395775029976
50,6,-2.0741862015604227
50,7,-2.1459331396102765
50,8,-1.7847467902473497
50,9,-1.5180079333938983
50,10,-1.570860323161305
50,11,-1.5822849069907219
50,12,-1.7969011940273416
50,13,-1.9125033973016476
50,14,-1.3126816741994445
50,15,-0.7615113152699047
50,16,-0.7974791859528905
50,17,-0.7771859219871368
50,18,-0.9755873770126331
50,19,-1.7787682447551951
50,20,-2.0171971938188036
50,21,-1.5196582529786624
50,22,-1.7770761649327005
50,23,-2.6659366543646583
50,24,-2.8130460675311486
50,25,-2.2660545886603387
50,26,-1.6630833095484314
50,27,-1.2082676240833992
50,28,-1.3415079529714584
50,29,-1.9771178903548328
50,30,-2.32120314842011
50,31,-2.503354298062081
50,32,-3.0052092820060365
50,33,-3.1813279295869896
50,34,-2.6502298977561813
50,35,-2.283253206139315
50,36,-2.4580836808004487
50,37,-2.445041998901062
50,38,-1.8849202751668468
50,39,-1.2217045234351518
50,40,-0.7951000375532394
50,41,-0.477676816823278
50,42,-0.07729610874387123
50,43,0.42527296238899764
50,44,0.9858532531285514
50,45,1.4300632420392916
50,46,1.496793501254363
50,47,1.3643588876199257
50,48,1.4849567288135217
50,49,1.6597074395916338
50,50,1.404688613918661
